sample_index,fish_id,bout_index,partition,view_a_changed_elements,view_a_changed_element_fraction,view_a_changed_timesteps,view_a_changed_timestep_fraction,view_a_mean_abs_change,view_a_max_abs_change,view_a_finite,view_a_shape_ok,view_b_changed_elements,view_b_changed_element_fraction,view_b_changed_timesteps,view_b_changed_timestep_fraction,view_b_mean_abs_change,view_b_max_abs_change,view_b_finite,view_b_shape_ok,views_equal
0,DS005-JM-F001,0,train,42,0.08,14,0.08,0.1077117845416069,3.992722749710083,True,True,9,0.017142857142857144,3,0.017142857142857144,0.02409237064421177,3.2217915058135986,True,True,False
1,DS005-JM-F001,1,train,3,0.005714285714285714,1,0.005714285714285714,0.0031219639349728823,0.8309756517410278,True,True,32,0.06095238095238095,16,0.09142857142857143,0.051230430603027344,1.0,True,True,False
2,DS005-JM-F001,2,train,0,0.0,0,0.0,0.0,0.0,True,True,9,0.017142857142857144,3,0.017142857142857144,0.008784173056483269,0.7808895111083984,True,True,False
3,DS005-JM-F001,3,train,0,0.0,0,0.0,0.0,0.0,True,True,42,0.08,14,0.08,0.04637698084115982,0.8470702171325684,True,True,False
4,DS005-JM-F001,4,train,9,0.017142857142857144,3,0.017142857142857144,0.009789206087589264,0.8575602769851685,True,True,24,0.045714285714285714,8,0.045714285714285714,0.022233273833990097,0.8564118146896362,True,True,False
5,DS005-JM-F001,5,train,15,0.02857142857142857,5,0.02857142857142857,0.014703580178320408,0.861798107624054,True,True,12,0.022857142857142857,6,0.03428571428571429,0.019211411476135254,1.0,True,True,False
6,DS005-JM-F001,6,train,0,0.0,0,0.0,0.0,0.0,True,True,45,0.08571428571428572,15,0.08571428571428572,0.045049037784338,0.8434479236602783,True,True,False
7,DS005-JM-F001,7,train,12,0.022857142857142857,4,0.022857142857142857,0.014978406950831413,0.9040625095367432,True,True,0,0.0,0,0.0,0.0,0.0,True,True,False
8,DS005-JM-F001,8,train,33,0.06285714285714286,11,0.06285714285714286,0.05756988376379013,1.9192314147949219,True,True,0,0.0,0,0.0,0.0,0.0,True,True,False
9,DS005-JM-F001,9,train,30,0.05714285714285714,10,0.05714285714285714,0.02891363576054573,0.9417349696159363,True,True,0,0.0,0,0.0,0.0,0.0,True,True,False
10,DS005-JM-F001,10,train,51,0.09714285714285714,17,0.09714285714285714,0.06191828474402428,1.1074177026748657,True,True,51,0.09714285714285714,17,0.09714285714285714,0.06148580461740494,1.1074177026748657,True,True,False
11,DS005-JM-F001,11,train,26,0.049523809523809526,13,0.07428571428571429,0.041624728590250015,1.0,True,True,15,0.02857142857142857,5,0.02857142857142857,0.02002394199371338,1.4055004119873047,True,True,False
12,DS005-JM-F001,12,train,3,0.005714285714285714,1,0.005714285714285714,0.006119944620877504,2.0453648567199707,True,True,27,0.05142857142857143,9,0.05142857142857143,0.04603114351630211,2.184116840362549,True,True,False
13,DS005-JM-F001,13,train,39,0.07428571428571429,13,0.07428571428571429,0.05997471511363983,1.7937644720077515,True,True,24,0.045714285714285714,8,0.045714285714285714,0.018183618783950806,0.9971483945846558,True,True,False
14,DS005-JM-F001,14,train,0,0.0,0,0.0,0.0,0.0,True,True,2,0.0038095238095238095,1,0.005714285714285714,0.003201901912689209,1.0,True,True,False
15,DS005-JM-F001,15,train,0,0.0,0,0.0,0.0,0.0,True,True,18,0.03428571428571429,9,0.05142857142857143,0.02881711721420288,1.0,True,True,False
16,DS005-JM-F001,16,train,16,0.030476190476190476,8,0.045714285714285714,0.025615215301513672,1.0,True,True,0,0.0,0,0.0,0.0,0.0,True,True,False
17,DS005-JM-F001,17,train,48,0.09142857142857143,16,0.09142857142857143,0.059001460671424866,0.8624647259712219,True,True,36,0.06857142857142857,12,0.06857142857142857,0.04325263574719429,0.7510855793952942,True,True,False
18,DS005-JM-F001,18,train,0,0.0,0,0.0,0.0,0.0,True,True,30,0.05714285714285714,10,0.05714285714285714,0.038901735097169876,0.7584311962127686,True,True,False
19,DS005-JM-F001,19,train,20,0.0380952380952381,10,0.05714285714285714,0.03201902285218239,1.0,True,True,15,0.02857142857142857,5,0.02857142857142857,0.018676377832889557,1.0744953155517578,True,True,False
20,DS005-JM-F001,20,train,9,0.017142857142857144,3,0.017142857142857144,0.024310249835252762,3.1121723651885986,True,True,3,0.005714285714285714,1,0.005714285714285714,0.004390018060803413,0.92170649766922,True,True,False
21,DS005-JM-F001,21,train,36,0.06857142857142857,12,0.06857142857142857,0.04038402438163757,0.8224949836730957,True,True,45,0.08571428571428572,15,0.08571428571428572,0.0517008900642395,0.817295253276825,True,True,False
22,DS005-JM-F001,22,train,0,0.0,0,0.0,0.0,0.0,True,True,40,0.0761904761904762,16,0.09142857142857143,0.05357368662953377,1.0,True,True,False
23,DS005-JM-F001,23,train,33,0.06285714285714286,11,0.06285714285714286,0.035786233842372894,0.7575165033340454,True,True,0,0.0,0,0.0,0.0,0.0,True,True,False
24,DS005-JM-F001,24,train,0,0.0,0,0.0,0.0,0.0,True,True,0,0.0,0,0.0,0.0,0.0,True,True,True
25,DS005-JM-F001,25,train,6,0.011428571428571429,3,0.017142857142857144,0.009605705738067627,1.0,True,True,0,0.0,0,0.0,0.0,0.0,True,True,False
26,DS005-JM-F001,26,train,12,0.022857142857142857,6,0.03428571428571429,0.019211411476135254,1.0,True,True,16,0.030476190476190476,8,0.045714285714285714,0.025615215301513672,1.0,True,True,False
27,DS005-JM-F001,27,train,3,0.005714285714285714,1,0.005714285714285714,0.0022704200819134712,0.9902212023735046,True,True,24,0.045714285714285714,12,0.06857142857142857,0.03842282295227051,1.0,True,True,False
28,DS005-JM-F001,28,train,33,0.06285714285714286,11,0.06285714285714286,0.08404283970594406,4.241532325744629,True,True,30,0.05714285714285714,15,0.08571428571428572,0.048028528690338135,1.0,True,True,False
29,DS005-JM-F001,29,train,30,0.05714285714285714,10,0.05714285714285714,0.0451953187584877,1.2377887964248657,True,True,48,0.09142857142857143,16,0.09142857142857143,0.04402551427483559,0.906993567943573,True,True,False
30,DS005-JM-F001,30,train,6,0.011428571428571429,2,0.011428571428571429,0.006752398330718279,0.8053123950958252,True,True,45,0.08571428571428572,15,0.08571428571428572,0.04654451459646225,0.8656238317489624,True,True,False
31,DS005-JM-F001,31,train,0,0.0,0,0.0,0.0,0.0,True,True,12,0.022857142857142857,4,0.022857142857142857,0.014922074042260647,0.7971227765083313,True,True,False
32,DS005-JM-F001,32,train,15,0.02857142857142857,5,0.02857142857142857,0.014555641449987888,0.7529754638671875,True,True,24,0.045714285714285714,8,0.045714285714285714,0.02541353553533554,0.7831308245658875,True,True,False
33,DS005-JM-F001,33,train,9,0.017142857142857144,3,0.017142857142857144,0.00873605813831091,0.7238122820854187,True,True,0,0.0,0,0.0,0.0,0.0,True,True,False
34,DS005-JM-F001,34,train,13,0.024761904761904763,6,0.03428571428571429,0.019747938960790634,1.0,True,True,48,0.09142857142857143,16,0.09142857142857143,0.05161258205771446,0.7408013343811035,True,True,False
35,DS005-JM-F001,35,train,27,0.05142857142857143,9,0.05142857142857143,0.0437571257352829,2.6075167655944824,True,True,3,0.005714285714285714,1,0.005714285714285714,0.0035696544218808413,0.8663312196731567,True,True,False
36,DS005-JM-F001,36,train,9,0.017142857142857144,3,0.017142857142857144,0.011125984601676464,0.8445248007774353,True,True,22,0.0419047619047619,11,0.06285714285714286,0.0352209210395813,1.0,True,True,False
37,DS005-JM-F001,37,train,12,0.022857142857142857,4,0.022857142857142857,0.012191688641905785,0.9395378232002258,True,True,12,0.022857142857142857,4,0.022857142857142857,0.011942818760871887,0.9315176010131836,True,True,False
38,DS005-JM-F001,38,train,35,0.06666666666666667,13,0.07428571428571429,0.03743266686797142,1.0,True,True,39,0.07428571428571429,13,0.07428571428571429,0.1083201915025711,4.036854267120361,True,True,False
39,DS005-JM-F001,39,train,36,0.06857142857142857,12,0.06857142857142857,0.05938086286187172,3.5439116954803467,True,True,0,0.0,0,0.0,0.0,0.0,True,True,False
40,DS005-JM-F001,40,train,8,0.015238095238095238,4,0.022857142857142857,0.012807607650756836,1.0,True,True,0,0.0,0,0.0,0.0,0.0,True,True,False
41,DS005-JM-F001,41,train,0,0.0,0,0.0,0.0,0.0,True,True,39,0.07428571428571429,13,0.07428571428571429,0.0404542051255703,1.7967983484268188,True,True,False
42,DS005-JM-F001,42,train,0,0.0,0,0.0,0.0,0.0,True,True,2,0.0038095238095238095,1,0.005714285714285714,0.003201901912689209,1.0,True,True,False
43,DS005-JM-F001,43,train,14,0.02666666666666667,7,0.04,0.022413313388824463,1.0,True,True,32,0.06095238095238095,16,0.09142857142857143,0.051230430603027344,1.0,True,True,False
44,DS005-JM-F001,44,train,24,0.045714285714285714,8,0.045714285714285714,0.025959858670830727,0.9563383460044861,True,True,0,0.0,0,0.0,0.0,0.0,True,True,False
45,DS005-JM-F001,45,train,0,0.0,0,0.0,0.0,0.0,True,True,18,0.03428571428571429,6,0.03428571428571429,0.018839428201317787,0.7369500994682312,True,True,False
46,DS005-JM-F001,46,train,0,0.0,0,0.0,0.0,0.0,True,True,0,0.0,0,0.0,0.0,0.0,True,True,True
47,DS005-JM-F001,47,train,0,0.0,0,0.0,0.0,0.0,True,True,0,0.0,0,0.0,0.0,0.0,True,True,True
48,DS005-JM-F001,48,train,36,0.06857142857142857,12,0.06857142857142857,0.0403972864151001,0.756708562374115,True,True,51,0.09714285714285714,17,0.09714285714285714,0.05274660140275955,0.7404726147651672,True,True,False
49,DS005-JM-F001,49,train,26,0.049523809523809526,13,0.07428571428571429,0.041624728590250015,1.0,True,True,0,0.0,0,0.0,0.0,0.0,True,True,False
50,DS005-JM-F001,50,train,0,0.0,0,0.0,0.0,0.0,True,True,18,0.03428571428571429,6,0.03428571428571429,0.017811380326747894,0.8699919581413269,True,True,False
51,DS005-JM-F001,51,train,0,0.0,0,0.0,0.0,0.0,True,True,30,0.05714285714285714,15,0.08571428571428572,0.048028528690338135,1.0,True,True,False
52,DS005-JM-F001,52,train,32,0.06095238095238095,16,0.09142857142857143,0.051230430603027344,1.0,True,True,30,0.05714285714285714,15,0.08571428571428572,0.048028528690338135,1.0,True,True,False
53,DS005-JM-F001,53,train,44,0.0838095238095238,15,0.08571428571428572,0.048052623867988586,1.0,True,True,0,0.0,0,0.0,0.0,0.0,True,True,False
54,DS005-JM-F001,54,train,40,0.0761904761904762,16,0.09142857142857143,0.05435808748006821,1.0,True,True,21,0.04,7,0.04,0.025003092363476753,0.8305962681770325,True,True,False
55,DS005-JM-F001,55,train,19,0.03619047619047619,7,0.04,0.02447718195617199,1.0,True,True,45,0.08571428571428572,15,0.08571428571428572,0.043063435703516006,0.7878506183624268,True,True,False
56,DS005-JM-F001,56,train,42,0.08,14,0.08,0.04584803432226181,0.8249902129173279,True,True,38,0.07238095238095238,17,0.09714285714285714,0.057161349803209305,1.0,True,True,False
57,DS005-JM-F001,57,train,0,0.0,0,0.0,0.0,0.0,True,True,3,0.005714285714285714,1,0.005714285714285714,0.0037002244498580694,0.8627909421920776,True,True,False
58,DS005-JM-F001,58,train,0,0.0,0,0.0,0.0,0.0,True,True,33,0.06285714285714286,11,0.06285714285714286,0.03316602110862732,0.8898228406906128,True,True,False
59,DS005-JM-F001,59,train,11,0.02095238095238095,5,0.02857142857142857,0.01598478853702545,1.0,True,True,12,0.022857142857142857,4,0.022857142857142857,0.01615191623568535,1.2823772430419922,True,True,False
60,DS005-JM-F001,60,train,51,0.09714285714285714,17,0.09714285714285714,0.04842842370271683,0.9865453243255615,True,True,24,0.045714285714285714,8,0.045714285714285714,0.021964069455862045,0.9738872051239014,True,True,False
61,DS005-JM-F001,61,train,22,0.0419047619047619,11,0.06285714285714286,0.0352209210395813,1.0,True,True,21,0.04,7,0.04,0.022118231281638145,0.9246894121170044,True,True,False
62,DS005-JM-F001,62,train,20,0.0380952380952381,10,0.05714285714285714,0.03201902285218239,1.0,True,True,28,0.05333333333333334,14,0.08,0.044826626777648926,1.0,True,True,False
63,DS005-JM-F001,63,train,33,0.06285714285714286,11,0.06285714285714286,0.049805574119091034,1.8306835889816284,True,True,0,0.0,0,0.0,0.0,0.0,True,True,False
64,DS005-JM-F001,64,train,51,0.09714285714285714,17,0.09714285714285714,0.04409804567694664,0.9985786080360413,True,True,24,0.045714285714285714,8,0.045714285714285714,0.02016448602080345,0.9980475306510925,True,True,False
65,DS005-JM-F001,65,train,15,0.02857142857142857,5,0.02857142857142857,0.015258313156664371,0.8521501421928406,True,True,12,0.022857142857142857,4,0.022857142857142857,0.011458252556622028,0.9254863858222961,True,True,False
66,DS005-JM-F001,66,train,40,0.0761904761904762,15,0.08571428571428572,0.049803975969552994,1.0,True,True,0,0.0,0,0.0,0.0,0.0,True,True,False
67,DS005-JM-F001,67,train,51,0.09714285714285714,17,0.09714285714285714,0.046519938856363297,0.9999997019767761,True,True,33,0.06285714285714286,11,0.06285714285714286,0.06444083154201508,2.757261037826538,True,True,False
68,DS005-JM-F001,68,train,0,0.0,0,0.0,0.0,0.0,True,True,27,0.05142857142857143,9,0.05142857142857143,0.04132973030209541,1.4428268671035767,True,True,False
69,DS005-JM-F001,69,train,24,0.045714285714285714,8,0.045714285714285714,0.028147444128990173,0.9194654822349548,True,True,4,0.007619047619047619,2,0.011428571428571429,0.006403803825378418,1.0,True,True,False
70,DS005-JM-F001,70,train,0,0.0,0,0.0,0.0,0.0,True,True,3,0.005714285714285714,1,0.005714285714285714,0.0031075896695256233,0.9183379411697388,True,True,False
71,DS005-JM-F001,71,train,8,0.015238095238095238,4,0.022857142857142857,0.012807607650756836,1.0,True,True,0,0.0,0,0.0,0.0,0.0,True,True,False
72,DS005-JM-F001,72,train,36,0.06857142857142857,12,0.06857142857142857,0.034592095762491226,0.9798603057861328,True,True,24,0.045714285714285714,8,0.045714285714285714,0.019547559320926666,0.9761672019958496,True,True,False
73,DS005-JM-F001,73,train,34,0.06476190476190476,17,0.09714285714285714,0.05443233624100685,1.0,True,True,32,0.06095238095238095,13,0.07428571428571429,0.04378106817603111,1.0,True,True,False
74,DS005-JM-F001,74,train,39,0.07428571428571429,13,0.07428571428571429,0.032209355384111404,0.9864616990089417,True,True,42,0.08,14,0.08,0.04240821301937103,0.9845982193946838,True,True,False
75,DS005-JM-F001,75,train,18,0.03428571428571429,6,0.03428571428571429,0.013907483778893948,0.9935759902000427,True,True,12,0.022857142857142857,4,0.022857142857142857,0.010322741232812405,0.9892075061798096,True,True,False
76,DS005-JM-F001,76,train,32,0.06095238095238095,16,0.09142857142857143,0.051230430603027344,1.0,True,True,3,0.005714285714285714,1,0.005714285714285714,0.003442373825237155,0.7453795075416565,True,True,False
77,DS005-JM-F001,77,train,39,0.07428571428571429,14,0.08,0.050748560577631,1.0,True,True,21,0.04,7,0.04,0.024398578330874443,0.8627992868423462,True,True,False
78,DS005-JM-F001,78,train,51,0.09714285714285714,17,0.09714285714285714,0.05907242000102997,0.9199531674385071,True,True,0,0.0,0,0.0,0.0,0.0,True,True,False
79,DS005-JM-F001,79,train,45,0.08571428571428572,15,0.08571428571428572,0.04311656579375267,0.8632236123085022,True,True,3,0.005714285714285714,1,0.005714285714285714,0.00345134106464684,0.8539609909057617,True,True,False
80,DS005-JM-F001,80,train,0,0.0,0,0.0,0.0,0.0,True,True,6,0.011428571428571429,3,0.017142857142857144,0.009605705738067627,1.0,True,True,False
81,DS005-JM-F001,81,train,3,0.005714285714285714,1,0.005714285714285714,0.002839872147887945,0.7862056493759155,True,True,0,0.0,0,0.0,0.0,0.0,True,True,False
82,DS005-JM-F001,82,train,0,0.0,0,0.0,0.0,0.0,True,True,45,0.08571428571428572,15,0.08571428571428572,0.03603266552090645,0.9973195195198059,True,True,False
83,DS005-JM-F001,83,train,32,0.06095238095238095,16,0.09142857142857143,0.051230430603027344,1.0,True,True,21,0.04,7,0.04,0.02356100082397461,0.999995231628418,True,True,False
84,DS005-JM-F001,84,train,0,0.0,0,0.0,0.0,0.0,True,True,11,0.02095238095238095,5,0.02857142857142857,0.015979330986738205,1.0,True,True,False
85,DS005-JM-F001,85,train,9,0.017142857142857144,3,0.017142857142857144,0.007193953730165958,0.9974415302276611,True,True,51,0.09714285714285714,17,0.09714285714285714,0.03942399099469185,0.999493420124054,True,True,False
86,DS005-JM-F001,86,train,0,0.0,0,0.0,0.0,0.0,True,True,0,0.0,0,0.0,0.0,0.0,True,True,True
87,DS005-JM-F001,87,train,0,0.0,0,0.0,0.0,0.0,True,True,45,0.08571428571428572,15,0.08571428571428572,0.07343099266290665,1.9284201860427856,True,True,False
88,DS005-JM-F001,88,train,26,0.049523809523809526,13,0.07428571428571429,0.041624728590250015,1.0,True,True,0,0.0,0,0.0,0.0,0.0,True,True,False
89,DS005-JM-F001,89,train,39,0.07428571428571429,13,0.07428571428571429,0.0535229854285717,1.2861056327819824,True,True,0,0.0,0,0.0,0.0,0.0,True,True,False
90,DS005-JM-F001,90,train,14,0.02666666666666667,7,0.04,0.022413313388824463,1.0,True,True,0,0.0,0,0.0,0.0,0.0,True,True,False
91,DS005-JM-F001,91,train,9,0.017142857142857144,3,0.017142857142857144,0.012643986381590366,1.195479154586792,True,True,48,0.09142857142857143,16,0.09142857142857143,0.07180202007293701,2.1120481491088867,True,True,False
92,DS005-JM-F001,92,train,48,0.09142857142857143,16,0.09142857142857143,0.04040399566292763,0.9966233372688293,True,True,0,0.0,0,0.0,0.0,0.0,True,True,False
93,DS005-JM-F001,93,train,48,0.09142857142857143,16,0.09142857142857143,0.04387902840971947,0.9917822480201721,True,True,48,0.09142857142857143,16,0.09142857142857143,0.0563298724591732,1.229858160018921,True,True,False
94,DS005-JM-F001,94,train,39,0.07428571428571429,13,0.07428571428571429,0.04669584333896637,1.2580101490020752,True,True,21,0.04,7,0.04,0.017191708087921143,0.9995490908622742,True,True,False
95,DS005-JM-F001,95,train,6,0.011428571428571429,2,0.011428571428571429,0.00793091394007206,1.064422607421875,True,True,9,0.017142857142857144,3,0.017142857142857144,0.008726272732019424,0.9853588342666626,True,True,False
96,DS005-JM-F001,96,train,0,0.0,0,0.0,0.0,0.0,True,True,0,0.0,0,0.0,0.0,0.0,True,True,True
97,DS005-JM-F001,97,train,30,0.05714285714285714,14,0.08,0.0456504225730896,1.0,True,True,0,0.0,0,0.0,0.0,0.0,True,True,False
98,DS005-JM-F001,98,train,51,0.09714285714285714,17,0.09714285714285714,0.05846838653087616,0.881205677986145,True,True,8,0.015238095238095238,4,0.022857142857142857,0.012807607650756836,1.0,True,True,False
99,DS005-JM-F001,99,train,0,0.0,0,0.0,0.0,0.0,True,True,12,0.022857142857142857,4,0.022857142857142857,0.010976026766002178,0.8861334919929504,True,True,False
100,DS005-JM-F001,100,train,0,0.0,0,0.0,0.0,0.0,True,True,30,0.05714285714285714,10,0.05714285714285714,0.03350813686847687,0.9003562927246094,True,True,False
101,DS005-JM-F001,101,train,0,0.0,0,0.0,0.0,0.0,True,True,0,0.0,0,0.0,0.0,0.0,True,True,True
102,DS005-JM-F001,102,train,6,0.011428571428571429,2,0.011428571428571429,0.00577015383169055,0.8963748216629028,True,True,48,0.09142857142857143,16,0.09142857142857143,0.057863298803567886,0.9206677675247192,True,True,False
103,DS005-JM-F001,103,train,33,0.06285714285714286,11,0.06285714285714286,0.04090944305062294,1.2731633186340332,True,True,15,0.02857142857142857,5,0.02857142857142857,0.014676966704428196,0.9780912399291992,True,True,False
104,DS005-JM-F001,104,train,0,0.0,0,0.0,0.0,0.0,True,True,6,0.011428571428571429,2,0.011428571428571429,0.00670374371111393,0.9860529899597168,True,True,False
105,DS005-JM-F001,105,train,21,0.04,7,0.04,0.01664711721241474,0.9923160672187805,True,True,0,0.0,0,0.0,0.0,0.0,True,True,False
106,DS005-JM-F001,106,train,48,0.09142857142857143,16,0.09142857142857143,0.04724200814962387,0.9901357889175415,True,True,32,0.06095238095238095,16,0.09142857142857143,0.051230430603027344,1.0,True,True,False
107,DS005-JM-F001,107,train,20,0.0380952380952381,10,0.05714285714285714,0.03201902285218239,1.0,True,True,51,0.09714285714285714,17,0.09714285714285714,0.05793064832687378,0.9400270581245422,True,True,False
108,DS005-JM-F001,108,train,24,0.045714285714285714,8,0.045714285714285714,0.02945619449019432,1.5574625730514526,True,True,21,0.04,7,0.04,0.022731876000761986,0.7884551286697388,True,True,False
109,DS005-JM-F001,109,train,45,0.08571428571428572,15,0.08571428571428572,0.04334176331758499,0.9999817609786987,True,True,0,0.0,0,0.0,0.0,0.0,True,True,False
110,DS005-JM-F001,110,train,0,0.0,0,0.0,0.0,0.0,True,True,15,0.02857142857142857,5,0.02857142857142857,0.021957168355584145,1.0584800243377686,True,True,False
111,DS005-JM-F001,111,train,48,0.09142857142857143,16,0.09142857142857143,0.05026061087846756,0.8120802044868469,True,True,4,0.007619047619047619,2,0.011428571428571429,0.006403803825378418,1.0,True,True,False
112,DS005-JM-F001,112,train,39,0.07428571428571429,13,0.07428571428571429,0.04299928620457649,0.8121469616889954,True,True,39,0.07428571428571429,13,0.07428571428571429,0.03671625629067421,0.8220674395561218,True,True,False
113,DS005-JM-F001,113,train,42,0.08,14,0.08,0.06307467073202133,2.085230827331543,True,True,6,0.011428571428571429,3,0.017142857142857144,0.009605705738067627,1.0,True,True,False
114,DS005-JM-F001,114,train,30,0.05714285714285714,10,0.05714285714285714,0.025809932500123978,0.9979605674743652,True,True,30,0.05714285714285714,15,0.08571428571428572,0.048028528690338135,1.0,True,True,False
115,DS005-JM-F001,115,train,2,0.0038095238095238095,1,0.005714285714285714,0.003201901912689209,1.0,True,True,39,0.07428571428571429,13,0.07428571428571429,0.030798884108662605,0.9999403953552246,True,True,False
116,DS005-JM-F001,116,train,39,0.07428571428571429,13,0.07428571428571429,0.09322265535593033,3.554980516433716,True,True,42,0.08,14,0.08,0.073801189661026,2.457235336303711,True,True,False
117,DS005-JM-F001,117,train,9,0.017142857142857144,3,0.017142857142857144,0.01121539156883955,0.9397414922714233,True,True,15,0.02857142857142857,5,0.02857142857142857,0.018399730324745178,0.9289034008979797,True,True,False
118,DS005-JM-F001,118,train,48,0.09142857142857143,16,0.09142857142857143,0.06998879462480545,1.5859599113464355,True,True,9,0.017142857142857144,3,0.017142857142857144,0.008783041499555111,0.8850886821746826,True,True,False
119,DS005-JM-F001,119,train,42,0.08,14,0.08,0.05127101391553879,0.9268409609794617,True,True,9,0.017142857142857144,3,0.017142857142857144,0.008168230764567852,0.9357389211654663,True,True,False
120,DS005-JM-F001,120,train,2,0.0038095238095238095,1,0.005714285714285714,0.003201901912689209,1.0,True,True,0,0.0,0,0.0,0.0,0.0,True,True,False
121,DS005-JM-F001,121,train,24,0.045714285714285714,8,0.045714285714285714,0.027208568528294563,0.9471040368080139,True,True,0,0.0,0,0.0,0.0,0.0,True,True,False
122,DS005-JM-F001,122,train,6,0.011428571428571429,2,0.011428571428571429,0.008052995428442955,0.8759595155715942,True,True,51,0.09714285714285714,17,0.09714285714285714,0.08370043337345123,1.8895437717437744,True,True,False
123,DS005-JM-F001,123,train,27,0.05142857142857143,9,0.05142857142857143,0.033658623695373535,1.2063113451004028,True,True,6,0.011428571428571429,2,0.011428571428571429,0.008214633911848068,0.8662828803062439,True,True,False
124,DS005-JM-F001,124,train,9,0.017142857142857144,3,0.017142857142857144,0.014821658842265606,1.3742855787277222,True,True,0,0.0,0,0.0,0.0,0.0,True,True,False
125,DS005-JM-F001,125,train,0,0.0,0,0.0,0.0,0.0,True,True,18,0.03428571428571429,9,0.05142857142857143,0.02881711907684803,1.0,True,True,False
126,DS005-JM-F001,126,train,2,0.0038095238095238095,1,0.005714285714285714,0.003201901912689209,1.0,True,True,15,0.02857142857142857,5,0.02857142857142857,0.019286485388875008,1.065329909324646,True,True,False
127,DS005-JM-F001,127,train,42,0.08,14,0.08,0.0427803136408329,0.8235746622085571,True,True,34,0.06476190476190476,17,0.09714285714285714,0.05443233624100685,1.0,True,True,False
128,DS005-JM-F001,128,train,18,0.03428571428571429,6,0.03428571428571429,0.016511308029294014,0.9522995948791504,True,True,0,0.0,0,0.0,0.0,0.0,True,True,False
129,DS005-JM-F001,129,train,30,0.05714285714285714,15,0.08571428571428572,0.048028528690338135,1.0,True,True,42,0.08,14,0.08,0.049890536814928055,0.8920981884002686,True,True,False
130,DS005-JM-F001,130,train,30,0.05714285714285714,10,0.05714285714285714,0.042862698435783386,1.2655988931655884,True,True,3,0.005714285714285714,1,0.005714285714285714,0.005418662913143635,1.5591853857040405,True,True,False
131,DS005-JM-F001,131,train,0,0.0,0,0.0,0.0,0.0,True,True,30,0.05714285714285714,10,0.05714285714285714,0.040509533137083054,1.2350616455078125,True,True,False
132,DS005-JM-F001,132,train,36,0.06857142857142857,12,0.06857142857142857,0.04589085653424263,1.0268163681030273,True,True,43,0.08190476190476191,17,0.09714285714285714,0.05583050847053528,1.0,True,True,False
133,DS005-JM-F001,133,train,51,0.09714285714285714,17,0.09714285714285714,0.05330033227801323,0.9964422583580017,True,True,51,0.09714285714285714,17,0.09714285714285714,0.046340614557266235,0.9999269247055054,True,True,False
134,DS005-JM-F001,134,train,0,0.0,0,0.0,0.0,0.0,True,True,12,0.022857142857142857,4,0.022857142857142857,0.026297008618712425,2.863166093826294,True,True,False
135,DS005-JM-F001,135,train,8,0.015238095238095238,4,0.022857142857142857,0.012807607650756836,1.0,True,True,30,0.05714285714285714,10,0.05714285714285714,0.025899311527609825,0.9527783393859863,True,True,False
136,DS005-JM-F001,136,train,39,0.07428571428571429,13,0.07428571428571429,0.03786204755306244,0.9066368937492371,True,True,42,0.08,14,0.08,0.04942876100540161,0.9414263367652893,True,True,False
137,DS005-JM-F001,137,train,39,0.07428571428571429,13,0.07428571428571429,0.04722299054265022,0.7698924541473389,True,True,0,0.0,0,0.0,0.0,0.0,True,True,False
138,DS005-JM-F001,138,train,0,0.0,0,0.0,0.0,0.0,True,True,15,0.02857142857142857,5,0.02857142857142857,0.02952798828482628,1.8287055492401123,True,True,False
139,DS005-JM-F001,139,train,8,0.015238095238095238,4,0.022857142857142857,0.012807607650756836,1.0,True,True,24,0.045714285714285714,8,0.045714285714285714,0.05524378642439842,2.769312858581543,True,True,False
140,DS005-JM-F001,140,train,0,0.0,0,0.0,0.0,0.0,True,True,0,0.0,0,0.0,0.0,0.0,True,True,True
141,DS005-JM-F001,141,train,0,0.0,0,0.0,0.0,0.0,True,True,28,0.05333333333333334,14,0.08,0.044826626777648926,1.0,True,True,False
142,DS005-JM-F001,142,train,51,0.09714285714285714,17,0.09714285714285714,0.06055879220366478,0.7245734333992004,True,True,0,0.0,0,0.0,0.0,0.0,True,True,False
143,DS005-JM-F001,143,train,48,0.09142857142857143,16,0.09142857142857143,0.0501859188079834,0.7336969971656799,True,True,36,0.06857142857142857,12,0.06857142857142857,0.03815120831131935,0.7336969971656799,True,True,False
144,DS005-JM-F001,144,train,15,0.02857142857142857,5,0.02857142857142857,0.018434273079037666,0.7147989273071289,True,True,27,0.05142857142857143,9,0.05142857142857143,0.02815907448530197,0.7490984201431274,True,True,False
145,DS005-JM-F001,145,train,15,0.02857142857142857,5,0.02857142857142857,0.013394982554018497,0.9874147176742554,True,True,6,0.011428571428571429,2,0.011428571428571429,0.004672986920922995,0.9824651479721069,True,True,False
146,DS005-JM-F001,146,train,6,0.011428571428571429,2,0.011428571428571429,0.01193048432469368,1.8306403160095215,True,True,42,0.08,14,0.08,0.05694349855184555,1.4054285287857056,True,True,False
147,DS005-JM-F001,147,train,33,0.06285714285714286,11,0.06285714285714286,0.040446143597364426,0.8813367486000061,True,True,3,0.005714285714285714,1,0.005714285714285714,0.002964549930766225,0.8620656132698059,True,True,False
148,DS005-JM-F001,148,train,8,0.015238095238095238,4,0.022857142857142857,0.012807607650756836,1.0,True,True,0,0.0,0,0.0,0.0,0.0,True,True,False
149,DS005-JM-F001,149,train,42,0.08,14,0.08,0.04520810768008232,0.9918262958526611,True,True,12,0.022857142857142857,6,0.03428571428571429,0.019211411476135254,1.0,True,True,False
150,DS005-JM-F001,150,train,0,0.0,0,0.0,0.0,0.0,True,True,15,0.02857142857142857,5,0.02857142857142857,0.01563534513115883,0.9999148845672607,True,True,False
151,DS005-JM-F001,151,train,0,0.0,0,0.0,0.0,0.0,True,True,0,0.0,0,0.0,0.0,0.0,True,True,True
152,DS005-JM-F001,152,train,28,0.05333333333333334,14,0.08,0.044826626777648926,1.0,True,True,12,0.022857142857142857,6,0.03428571428571429,0.019211411476135254,1.0,True,True,False
153,DS005-JM-F001,153,train,8,0.015238095238095238,4,0.022857142857142857,0.012807607650756836,1.0,True,True,30,0.05714285714285714,10,0.05714285714285714,0.0373692661523819,0.961447536945343,True,True,False
154,DS005-JM-F001,154,train,0,0.0,0,0.0,0.0,0.0,True,True,48,0.09142857142857143,16,0.09142857142857143,0.056475814431905746,0.9166621565818787,True,True,False
155,DS005-JM-F001,155,train,33,0.06285714285714286,11,0.06285714285714286,0.03360437601804733,0.795976996421814,True,True,3,0.005714285714285714,1,0.005714285714285714,0.003941523376852274,0.7386953830718994,True,True,False
156,DS005-JM-F001,156,train,6,0.011428571428571429,3,0.017142857142857144,0.009605705738067627,1.0,True,True,26,0.049523809523809526,13,0.07428571428571429,0.041624728590250015,1.0,True,True,False
157,DS005-JM-F001,157,train,3,0.005714285714285714,1,0.005714285714285714,0.003131421748548746,0.9066271185874939,True,True,24,0.045714285714285714,8,0.045714285714285714,0.02502591535449028,0.8922988176345825,True,True,False
158,DS005-JM-F001,158,train,0,0.0,0,0.0,0.0,0.0,True,True,0,0.0,0,0.0,0.0,0.0,True,True,True
159,DS005-JM-F001,159,train,14,0.02666666666666667,7,0.04,0.022413315251469612,1.0,True,True,0,0.0,0,0.0,0.0,0.0,True,True,False
160,DS005-JM-F001,160,train,21,0.04,9,0.05142857142857143,0.026996223255991936,1.0,True,True,33,0.06285714285714286,11,0.06285714285714286,0.03766677901148796,1.350728988647461,True,True,False
161,DS005-JM-F001,161,train,0,0.0,0,0.0,0.0,0.0,True,True,45,0.08571428571428572,15,0.08571428571428572,0.05303259566426277,1.347018837928772,True,True,False
162,DS005-JM-F001,162,train,0,0.0,0,0.0,0.0,0.0,True,True,9,0.017142857142857144,3,0.017142857142857144,0.010152820497751236,0.7453853487968445,True,True,False
163,DS005-JM-F001,163,train,0,0.0,0,0.0,0.0,0.0,True,True,6,0.011428571428571429,3,0.017142857142857144,0.009605705738067627,1.0,True,True,False
164,DS005-JM-F001,164,train,0,0.0,0,0.0,0.0,0.0,True,True,42,0.08,14,0.08,0.04028557240962982,0.7466779351234436,True,True,False
165,DS005-JM-F001,165,train,48,0.09142857142857143,16,0.09142857142857143,0.05574518069624901,0.8323028087615967,True,True,4,0.007619047619047619,2,0.011428571428571429,0.006403803825378418,1.0,True,True,False
166,DS005-JM-F001,166,train,3,0.005714285714285714,1,0.005714285714285714,0.0031418995931744576,0.8167537450790405,True,True,6,0.011428571428571429,3,0.017142857142857144,0.009605705738067627,1.0,True,True,False
167,DS005-JM-F001,167,train,42,0.08,14,0.08,0.03236706554889679,0.9991850256919861,True,True,39,0.07428571428571429,13,0.07428571428571429,0.0335451178252697,0.9992323517799377,True,True,False
168,DS005-JM-F001,168,train,32,0.06095238095238095,16,0.09142857142857143,0.051230430603027344,1.0,True,True,2,0.0038095238095238095,1,0.005714285714285714,0.003201901912689209,1.0,True,True,False
169,DS005-JM-F001,169,train,6,0.011428571428571429,2,0.011428571428571429,0.006157079245895147,0.8173391819000244,True,True,39,0.07428571428571429,13,0.07428571428571429,0.04509105905890465,0.9706261157989502,True,True,False
170,DS005-JM-F001,170,train,39,0.07428571428571429,13,0.07428571428571429,0.04230884462594986,0.7913251519203186,True,True,0,0.0,0,0.0,0.0,0.0,True,True,False
171,DS005-JM-F001,171,train,33,0.06285714285714286,11,0.06285714285714286,0.03823750466108322,0.876218318939209,True,True,33,0.06285714285714286,11,0.06285714285714286,0.04207003861665726,1.0964652299880981,True,True,False
172,DS005-JM-F001,172,train,45,0.08571428571428572,15,0.08571428571428572,0.053081292659044266,0.8250832557678223,True,True,0,0.0,0,0.0,0.0,0.0,True,True,False
173,DS005-JM-F001,173,train,18,0.03428571428571429,6,0.03428571428571429,0.018442032858729362,0.9601050615310669,True,True,0,0.0,0,0.0,0.0,0.0,True,True,False
174,DS005-JM-F001,174,train,22,0.0419047619047619,11,0.06285714285714286,0.0352209210395813,1.0,True,True,45,0.08571428571428572,15,0.08571428571428572,0.04392319172620773,0.967059850692749,True,True,False
175,DS005-JM-F001,175,train,27,0.05142857142857143,9,0.05142857142857143,0.022467752918601036,0.9742618799209595,True,True,39,0.07428571428571429,13,0.07428571428571429,0.03332025930285454,0.9742618799209595,True,True,False
176,DS005-JM-F001,176,train,18,0.03428571428571429,6,0.03428571428571429,0.0240460354834795,1.1462260484695435,True,True,3,0.005714285714285714,1,0.005714285714285714,0.008294396102428436,3.0102901458740234,True,True,False
177,DS005-JM-F001,177,train,24,0.045714285714285714,8,0.045714285714285714,0.024327704682946205,0.9952086806297302,True,True,48,0.09142857142857143,16,0.09142857142857143,0.04344736039638519,0.9960225820541382,True,True,False
178,DS005-JM-F001,178,train,48,0.09142857142857143,16,0.09142857142857143,0.0451434850692749,0.9980142712593079,True,True,3,0.005714285714285714,1,0.005714285714285714,0.0031231208704411983,0.9949135184288025,True,True,False
179,DS005-JM-F001,179,train,16,0.030476190476190476,8,0.045714285714285714,0.025615215301513672,1.0,True,True,33,0.06285714285714286,11,0.06285714285714286,0.029609564691781998,0.9960224032402039,True,True,False
180,DS005-JM-F001,180,train,6,0.011428571428571429,2,0.011428571428571429,0.010339438915252686,1.4051783084869385,True,True,0,0.0,0,0.0,0.0,0.0,True,True,False
181,DS005-JM-F001,181,train,45,0.08571428571428572,15,0.08571428571428572,0.057144198566675186,1.245783805847168,True,True,2,0.0038095238095238095,1,0.005714285714285714,0.003201901912689209,1.0,True,True,False
182,DS005-JM-F001,182,train,24,0.045714285714285714,8,0.045714285714285714,0.02484210394322872,0.7843539714813232,True,True,0,0.0,0,0.0,0.0,0.0,True,True,False
183,DS005-JM-F001,183,train,9,0.017142857142857144,3,0.017142857142857144,0.009443527087569237,0.7365980744361877,True,True,15,0.02857142857142857,5,0.02857142857142857,0.01777084358036518,0.725501298904419,True,True,False
184,DS005-JM-F001,184,train,0,0.0,0,0.0,0.0,0.0,True,True,0,0.0,0,0.0,0.0,0.0,True,True,True
185,DS005-JM-F001,185,train,26,0.049523809523809526,13,0.07428571428571429,0.041624728590250015,1.0,True,True,0,0.0,0,0.0,0.0,0.0,True,True,False
186,DS005-JM-F001,186,train,8,0.015238095238095238,4,0.022857142857142857,0.012807607650756836,1.0,True,True,45,0.08571428571428572,15,0.08571428571428572,0.04073040932416916,0.9957844018936157,True,True,False
187,DS005-JM-F001,187,train,18,0.03428571428571429,6,0.03428571428571429,0.016892414540052414,0.9764871597290039,True,True,8,0.015238095238095238,4,0.022857142857142857,0.012807607650756836,1.0,True,True,False
188,DS005-JM-F001,188,train,0,0.0,0,0.0,0.0,0.0,True,True,27,0.05142857142857143,9,0.05142857142857143,0.024761417880654335,0.987433135509491,True,True,False
189,DS005-JM-F001,189,train,27,0.05142857142857143,9,0.05142857142857143,0.02836334891617298,0.9996825456619263,True,True,24,0.045714285714285714,8,0.045714285714285714,0.020302055403590202,0.9858775734901428,True,True,False
190,DS005-JM-F001,190,train,45,0.08571428571428572,15,0.08571428571428572,0.04213740676641464,1.0727908611297607,True,True,51,0.09714285714285714,17,0.09714285714285714,0.04181580990552902,0.9986898899078369,True,True,False
191,DS005-JM-F001,191,train,6,0.011428571428571429,2,0.011428571428571429,0.006626585498452187,0.8860408663749695,True,True,42,0.08,14,0.08,0.03853583335876465,0.9993236064910889,True,True,False
192,DS005-JM-F001,192,train,0,0.0,0,0.0,0.0,0.0,True,True,34,0.06476190476190476,17,0.09714285714285714,0.05443233251571655,1.0,True,True,False
193,DS005-JM-F001,193,train,21,0.04,7,0.04,0.01924343779683113,0.9462442994117737,True,True,36,0.06857142857142857,12,0.06857142857142857,0.04216102883219719,1.6571849584579468,True,True,False
194,DS005-JM-F001,194,train,24,0.045714285714285714,8,0.045714285714285714,0.02159508876502514,0.9710294008255005,True,True,9,0.017142857142857144,3,0.017142857142857144,0.009568662382662296,0.9675523042678833,True,True,False
195,DS005-JM-F001,195,train,0,0.0,0,0.0,0.0,0.0,True,True,0,0.0,0,0.0,0.0,0.0,True,True,True
196,DS005-JM-F001,196,train,0,0.0,0,0.0,0.0,0.0,True,True,36,0.06857142857142857,12,0.06857142857142857,0.038976069539785385,0.7734329700469971,True,True,False
197,DS005-JM-F001,197,train,22,0.0419047619047619,11,0.06285714285714286,0.0352209210395813,1.0,True,True,15,0.02857142857142857,5,0.02857142857142857,0.017776958644390106,0.746090292930603,True,True,False
198,DS005-JM-F001,198,train,0,0.0,0,0.0,0.0,0.0,True,True,0,0.0,0,0.0,0.0,0.0,True,True,True
199,DS005-JM-F001,199,train,42,0.08,14,0.08,0.05399204045534134,1.2772105932235718,True,True,36,0.06857142857142857,12,0.06857142857142857,0.05148704722523689,1.2772105932235718,True,True,False
200,DS005-JM-F001,200,train,24,0.045714285714285714,8,0.045714285714285714,0.027160685509443283,0.9026997685432434,True,True,45,0.08571428571428572,15,0.08571428571428572,0.059743333607912064,1.3247843980789185,True,True,False
201,DS005-JM-F001,201,train,24,0.045714285714285714,8,0.045714285714285714,0.019933689385652542,0.9804890751838684,True,True,32,0.06095238095238095,16,0.09142857142857143,0.051230430603027344,1.0,True,True,False
202,DS005-JM-F001,202,train,0,0.0,0,0.0,0.0,0.0,True,True,9,0.017142857142857144,3,0.017142857142857144,0.008607369847595692,0.9629462957382202,True,True,False
203,DS005-JM-F001,203,train,33,0.06285714285714286,11,0.06285714285714286,0.03235971927642822,0.9608649015426636,True,True,18,0.03428571428571429,6,0.03428571428571429,0.01926620863378048,0.9640583395957947,True,True,False
204,DS005-JM-F001,204,train,0,0.0,0,0.0,0.0,0.0,True,True,0,0.0,0,0.0,0.0,0.0,True,True,True
205,DS005-JM-F001,205,train,0,0.0,0,0.0,0.0,0.0,True,True,3,0.005714285714285714,1,0.005714285714285714,0.003008604748174548,0.9434776902198792,True,True,False
206,DS005-JM-F001,206,train,30,0.05714285714285714,10,0.05714285714285714,0.041017767041921616,1.2232203483581543,True,True,6,0.011428571428571429,2,0.011428571428571429,0.005359118338674307,0.9663074612617493,True,True,False
207,DS005-JM-F001,207,train,34,0.06476190476190476,17,0.09714285714285714,0.05443233251571655,1.0,True,True,0,0.0,0,0.0,0.0,0.0,True,True,False
208,DS005-JM-F001,208,train,3,0.005714285714285714,1,0.005714285714285714,0.002535206498578191,0.9071139097213745,True,True,22,0.0419047619047619,11,0.06285714285714286,0.0352209210395813,1.0,True,True,False
209,DS005-JM-F001,209,train,51,0.09714285714285714,17,0.09714285714285714,0.05553194135427475,0.9652355313301086,True,True,8,0.015238095238095238,4,0.022857142857142857,0.012807607650756836,1.0,True,True,False
210,DS005-JM-F001,210,train,0,0.0,0,0.0,0.0,0.0,True,True,0,0.0,0,0.0,0.0,0.0,True,True,True
211,DS005-JM-F001,211,train,0,0.0,0,0.0,0.0,0.0,True,True,26,0.049523809523809526,13,0.07428571428571429,0.041624728590250015,1.0,True,True,False
212,DS005-JM-F001,212,train,3,0.005714285714285714,1,0.005714285714285714,0.006343214772641659,2.0002214908599854,True,True,39,0.07428571428571429,13,0.07428571428571429,0.04573578014969826,1.128890872001648,True,True,False
213,DS005-JM-F001,213,train,0,0.0,0,0.0,0.0,0.0,True,True,36,0.06857142857142857,12,0.06857142857142857,0.0333433672785759,0.9902725219726562,True,True,False
214,DS005-JM-F001,214,train,30,0.05714285714285714,10,0.05714285714285714,0.028321990743279457,0.9957903623580933,True,True,20,0.0380952380952381,10,0.05714285714285714,0.03201902285218239,1.0,True,True,False
215,DS005-JM-F001,215,train,0,0.0,0,0.0,0.0,0.0,True,True,4,0.007619047619047619,2,0.011428571428571429,0.006403803825378418,1.0,True,True,False
216,DS005-JM-F001,216,train,0,0.0,0,0.0,0.0,0.0,True,True,42,0.08,15,0.08571428571428572,0.04237130656838417,1.0,True,True,False
217,DS005-JM-F001,217,train,15,0.02857142857142857,5,0.02857142857142857,0.01345430314540863,0.9999999403953552,True,True,0,0.0,0,0.0,0.0,0.0,True,True,False
218,DS005-JM-F001,218,train,19,0.03619047619047619,7,0.04,0.022415991872549057,1.0,True,True,0,0.0,0,0.0,0.0,0.0,True,True,False
219,DS005-JM-F001,219,train,39,0.07428571428571429,13,0.07428571428571429,0.038337916135787964,0.9999873042106628,True,True,32,0.06095238095238095,16,0.09142857142857143,0.051230430603027344,1.0,True,True,False
220,DS005-JM-F001,220,train,27,0.05142857142857143,9,0.05142857142857143,0.027010541409254074,0.9999075531959534,True,True,33,0.06285714285714286,11,0.06285714285714286,0.02286168932914734,1.0,True,True,False
221,DS005-JM-F001,221,train,2,0.0038095238095238095,1,0.005714285714285714,0.003201901912689209,1.0,True,True,48,0.09142857142857143,16,0.09142857142857143,0.08192741870880127,1.8388508558273315,True,True,False
222,DS005-JM-F001,222,train,0,0.0,0,0.0,0.0,0.0,True,True,2,0.0038095238095238095,1,0.005714285714285714,0.003201901912689209,1.0,True,True,False
223,DS005-JM-F001,223,train,0,0.0,0,0.0,0.0,0.0,True,True,0,0.0,0,0.0,0.0,0.0,True,True,True
224,DS005-JM-F001,224,train,0,0.0,0,0.0,0.0,0.0,True,True,0,0.0,0,0.0,0.0,0.0,True,True,True
225,DS005-JM-F001,225,train,16,0.030476190476190476,8,0.045714285714285714,0.025615215301513672,1.0,True,True,48,0.09142857142857143,16,0.09142857142857143,0.043325357139110565,0.9614864587783813,True,True,False
226,DS005-JM-F001,226,train,6,0.011428571428571429,2,0.011428571428571429,0.004972026217728853,0.9879850149154663,True,True,0,0.0,0,0.0,0.0,0.0,True,True,False
227,DS005-JM-F001,227,train,6,0.011428571428571429,2,0.011428571428571429,0.004456758964806795,0.9995519518852234,True,True,9,0.017142857142857144,3,0.017142857142857144,0.0074678706005215645,0.9650959968566895,True,True,False
228,DS005-JM-F001,228,train,42,0.08,14,0.08,0.04432534798979759,0.9393318295478821,True,True,30,0.05714285714285714,15,0.08571428571428572,0.048028528690338135,1.0,True,True,False
229,DS005-JM-F001,229,train,0,0.0,0,0.0,0.0,0.0,True,True,9,0.017142857142857144,3,0.017142857142857144,0.01028493419289589,0.8977993130683899,True,True,False
230,DS005-JM-F001,230,train,0,0.0,0,0.0,0.0,0.0,True,True,39,0.07428571428571429,13,0.07428571428571429,0.047069430351257324,0.8684850335121155,True,True,False
231,DS005-JM-F001,231,train,42,0.08,14,0.08,0.04196755215525627,0.9309565424919128,True,True,51,0.09714285714285714,17,0.09714285714285714,0.04698135331273079,0.9359514713287354,True,True,False
232,DS005-JM-F001,232,train,6,0.011428571428571429,2,0.011428571428571429,0.006592913065105677,0.9283842444419861,True,True,15,0.02857142857142857,5,0.02857142857142857,0.013701383024454117,0.938546895980835,True,True,False
233,DS005-JM-F001,233,train,24,0.045714285714285714,8,0.045714285714285714,0.02219453454017639,0.9771066308021545,True,True,0,0.0,0,0.0,0.0,0.0,True,True,False
234,DS005-JM-F001,234,train,27,0.05142857142857143,9,0.05142857142857143,0.02497924119234085,0.9818636178970337,True,True,27,0.05142857142857143,9,0.05142857142857143,0.026507891714572906,0.9999719858169556,True,True,False
235,DS005-JM-F001,235,train,48,0.09142857142857143,16,0.09142857142857143,0.0405765138566494,0.9964728951454163,True,True,9,0.017142857142857144,3,0.017142857142857144,0.009353899396955967,0.984462320804596,True,True,False
236,DS005-JM-F001,236,train,34,0.06476190476190476,17,0.09714285714285714,0.05443233251571655,1.0,True,True,6,0.011428571428571429,2,0.011428571428571429,0.007853609509766102,0.9756589531898499,True,True,False
237,DS005-JM-F001,237,train,6,0.011428571428571429,2,0.011428571428571429,0.006426400505006313,0.9637037515640259,True,True,33,0.06285714285714286,11,0.06285714285714286,0.03192475438117981,0.9733679294586182,True,True,False
238,DS005-JM-F001,238,train,24,0.045714285714285714,8,0.045714285714285714,0.019897373393177986,0.9960595369338989,True,True,36,0.06857142857142857,12,0.06857142857142857,0.03135530278086662,0.9964603781700134,True,True,False
239,DS005-JM-F001,239,train,0,0.0,0,0.0,0.0,0.0,True,True,45,0.08571428571428572,15,0.08571428571428572,0.043821368366479874,0.9998757839202881,True,True,False
240,DS005-JM-F001,240,train,3,0.005714285714285714,1,0.005714285714285714,0.0031941167544573545,0.9994631409645081,True,True,0,0.0,0,0.0,0.0,0.0,True,True,False
241,DS005-JM-F001,241,train,34,0.06476190476190476,17,0.09714285714285714,0.05443233251571655,1.0,True,True,25,0.047619047619047616,10,0.05714285714285714,0.03176979348063469,1.0,True,True,False
242,DS005-JM-F001,242,train,6,0.011428571428571429,2,0.011428571428571429,0.007371020503342152,0.8980340361595154,True,True,21,0.04,7,0.04,0.024838536977767944,0.8744174242019653,True,True,False
243,DS005-JM-F001,243,train,10,0.01904761904761905,5,0.02857142857142857,0.016009511426091194,1.0,True,True,0,0.0,0,0.0,0.0,0.0,True,True,False
244,DS005-JM-F001,244,train,15,0.02857142857142857,5,0.02857142857142857,0.018676619976758957,0.7798298001289368,True,True,0,0.0,0,0.0,0.0,0.0,True,True,False
245,DS005-JM-F001,245,train,20,0.0380952380952381,10,0.05714285714285714,0.03201902285218239,1.0,True,True,0,0.0,0,0.0,0.0,0.0,True,True,False
246,DS005-JM-F001,246,train,24,0.045714285714285714,12,0.06857142857142857,0.038422826677560806,1.0,True,True,12,0.022857142857142857,4,0.022857142857142857,0.014337136410176754,0.7396495342254639,True,True,False
247,DS005-JM-F001,247,train,42,0.08,14,0.08,0.051219671964645386,0.8618786931037903,True,True,0,0.0,0,0.0,0.0,0.0,True,True,False
248,DS005-JM-F001,248,train,24,0.045714285714285714,8,0.045714285714285714,0.028237156569957733,0.8806062936782837,True,True,4,0.007619047619047619,2,0.011428571428571429,0.006403803825378418,1.0,True,True,False
249,DS005-JM-F001,249,train,18,0.03428571428571429,9,0.05142857142857143,0.02881711907684803,1.0,True,True,0,0.0,0,0.0,0.0,0.0,True,True,False
250,DS005-JM-F001,250,train,0,0.0,0,0.0,0.0,0.0,True,True,28,0.05333333333333334,14,0.08,0.044826626777648926,1.0,True,True,False
251,DS005-JM-F001,251,train,24,0.045714285714285714,12,0.06857142857142857,0.03842282295227051,1.0,True,True,15,0.02857142857142857,5,0.02857142857142857,0.01718868874013424,0.7407358288764954,True,True,False
252,DS005-JM-F001,252,train,9,0.017142857142857144,3,0.017142857142857144,0.01129938941448927,0.7817825675010681,True,True,0,0.0,0,0.0,0.0,0.0,True,True,False
253,DS005-JM-F001,253,train,9,0.017142857142857144,3,0.017142857142857144,0.010928727686405182,0.9033803343772888,True,True,0,0.0,0,0.0,0.0,0.0,True,True,False
254,DS005-JM-F001,254,train,18,0.03428571428571429,6,0.03428571428571429,0.01651839166879654,0.9729565382003784,True,True,36,0.06857142857142857,12,0.06857142857142857,0.032880719751119614,0.9729565382003784,True,True,False
255,DS005-JM-F001,255,train,20,0.0380952380952381,10,0.05714285714285714,0.03201902285218239,1.0,True,True,8,0.015238095238095238,4,0.022857142857142857,0.012807607650756836,1.0,True,True,False
256,DS005-JM-F001,256,train,18,0.03428571428571429,6,0.03428571428571429,0.018891161307692528,0.9897360801696777,True,True,30,0.05714285714285714,10,0.05714285714285714,0.031191790476441383,0.9937657117843628,True,True,False
257,DS005-JM-F001,257,train,12,0.022857142857142857,4,0.022857142857142857,0.012178422883152962,0.9901301860809326,True,True,32,0.06095238095238095,16,0.09142857142857143,0.051230430603027344,1.0,True,True,False
258,DS005-JM-F001,258,train,12,0.022857142857142857,4,0.022857142857142857,0.01224654819816351,0.9381186962127686,True,True,27,0.05142857142857143,9,0.05142857142857143,0.027774890884757042,0.8948483467102051,True,True,False
259,DS005-JM-F001,259,train,0,0.0,0,0.0,0.0,0.0,True,True,14,0.02666666666666667,7,0.04,0.022413313388824463,1.0,True,True,False
260,DS005-JM-F001,260,train,37,0.07047619047619047,16,0.09142857142857143,0.053846899420022964,1.0,True,True,9,0.017142857142857144,3,0.017142857142857144,0.00836475845426321,0.872428834438324,True,True,False
261,DS005-JM-F001,261,train,6,0.011428571428571429,3,0.017142857142857144,0.009605705738067627,1.0,True,True,18,0.03428571428571429,6,0.03428571428571429,0.01502320822328329,0.9946818947792053,True,True,False
262,DS005-JM-F001,262,train,39,0.07428571428571429,13,0.07428571428571429,0.0330241359770298,0.9970152378082275,True,True,0,0.0,0,0.0,0.0,0.0,True,True,False
263,DS005-JM-F001,263,train,21,0.04,7,0.04,0.022471323609352112,0.9950347542762756,True,True,48,0.09142857142857143,16,0.09142857142857143,0.05018625035881996,0.9648875594139099,True,True,False
264,DS005-JM-F001,264,train,4,0.007619047619047619,2,0.011428571428571429,0.006403803825378418,1.0,True,True,20,0.0380952380952381,10,0.05714285714285714,0.03201902285218239,1.0,True,True,False
265,DS005-JM-F001,265,train,0,0.0,0,0.0,0.0,0.0,True,True,45,0.08571428571428572,15,0.08571428571428572,0.04448070004582405,0.8165468573570251,True,True,False
266,DS005-JM-F001,266,train,9,0.017142857142857144,3,0.017142857142857144,0.011390569619834423,0.7595340609550476,True,True,16,0.030476190476190476,8,0.045714285714285714,0.025615215301513672,1.0,True,True,False
267,DS005-JM-F001,267,train,42,0.08,14,0.08,0.05410107225179672,1.1797746419906616,True,True,12,0.022857142857142857,4,0.022857142857142857,0.019071564078330994,1.1797746419906616,True,True,False
268,DS005-JM-F001,268,train,0,0.0,0,0.0,0.0,0.0,True,True,0,0.0,0,0.0,0.0,0.0,True,True,True
269,DS005-JM-F001,269,train,18,0.03428571428571429,6,0.03428571428571429,0.01768641173839569,0.9498112797737122,True,True,36,0.06857142857142857,12,0.06857142857142857,0.03611816465854645,0.9501722455024719,True,True,False
270,DS005-JM-F001,270,train,0,0.0,0,0.0,0.0,0.0,True,True,42,0.08,14,0.08,0.04031635820865631,0.8479827642440796,True,True,False
271,DS005-JM-F001,271,train,0,0.0,0,0.0,0.0,0.0,True,True,34,0.06476190476190476,17,0.09714285714285714,0.05443233624100685,1.0,True,True,False
272,DS005-JM-F001,272,train,6,0.011428571428571429,3,0.017142857142857144,0.009605705738067627,1.0,True,True,15,0.02857142857142857,5,0.02857142857142857,0.014412558637559414,0.731609046459198,True,True,False
273,DS005-JM-F001,273,train,32,0.06095238095238095,11,0.06285714285714286,0.03860945254564285,1.0,True,True,10,0.01904761904761905,5,0.02857142857142857,0.016009511426091194,1.0,True,True,False
274,DS005-JM-F001,274,train,36,0.06857142857142857,12,0.06857142857142857,0.035608693957328796,0.8056353330612183,True,True,0,0.0,0,0.0,0.0,0.0,True,True,False
275,DS005-JM-F001,275,train,10,0.01904761904761905,5,0.02857142857142857,0.016009511426091194,1.0,True,True,0,0.0,0,0.0,0.0,0.0,True,True,False
276,DS005-JM-F001,276,train,0,0.0,0,0.0,0.0,0.0,True,True,51,0.09714285714285714,17,0.09714285714285714,0.07074509561061859,1.9716933965682983,True,True,False
277,DS005-JM-F001,277,train,48,0.09142857142857143,16,0.09142857142857143,0.038427069783210754,0.9999890923500061,True,True,0,0.0,0,0.0,0.0,0.0,True,True,False
278,DS005-JM-F001,278,train,27,0.05142857142857143,9,0.05142857142857143,0.028142333030700684,0.9464963674545288,True,True,0,0.0,0,0.0,0.0,0.0,True,True,False
279,DS005-JM-F001,279,train,42,0.08,14,0.08,0.03609853982925415,0.977096676826477,True,True,0,0.0,0,0.0,0.0,0.0,True,True,False
280,DS005-JM-F001,280,train,12,0.022857142857142857,4,0.022857142857142857,0.01645897887647152,0.871974766254425,True,True,0,0.0,0,0.0,0.0,0.0,True,True,False
281,DS005-JM-F001,281,train,0,0.0,0,0.0,0.0,0.0,True,True,14,0.02666666666666667,7,0.04,0.022413313388824463,1.0,True,True,False
282,DS005-JM-F001,282,train,10,0.01904761904761905,5,0.02857142857142857,0.016009511426091194,1.0,True,True,0,0.0,0,0.0,0.0,0.0,True,True,False
283,DS005-JM-F001,283,train,0,0.0,0,0.0,0.0,0.0,True,True,0,0.0,0,0.0,0.0,0.0,True,True,True
284,DS005-JM-F001,284,train,21,0.04,7,0.04,0.02444433607161045,0.8877028226852417,True,True,26,0.049523809523809526,13,0.07428571428571429,0.041624728590250015,1.0,True,True,False
285,DS005-JM-F001,285,train,0,0.0,0,0.0,0.0,0.0,True,True,8,0.015238095238095238,4,0.022857142857142857,0.012807607650756836,1.0,True,True,False
286,DS005-JM-F001,286,train,0,0.0,0,0.0,0.0,0.0,True,True,6,0.011428571428571429,2,0.011428571428571429,0.0051377140916883945,0.9676088094711304,True,True,False
287,DS005-JM-F001,287,train,18,0.03428571428571429,9,0.05142857142857143,0.02881711907684803,1.0,True,True,20,0.0380952380952381,10,0.05714285714285714,0.03201902285218239,1.0,True,True,False
288,DS005-JM-F001,288,train,45,0.08571428571428572,15,0.08571428571428572,0.05021769925951958,0.8220790028572083,True,True,20,0.0380952380952381,10,0.05714285714285714,0.03201902285218239,1.0,True,True,False
289,DS005-JM-F001,289,train,8,0.015238095238095238,4,0.022857142857142857,0.012807607650756836,1.0,True,True,6,0.011428571428571429,2,0.011428571428571429,0.008236885070800781,1.027874231338501,True,True,False
290,DS005-JM-F001,290,train,0,0.0,0,0.0,0.0,0.0,True,True,20,0.0380952380952381,10,0.05714285714285714,0.03201902285218239,1.0,True,True,False
291,DS005-JM-F001,291,train,30,0.05714285714285714,15,0.08571428571428572,0.048028528690338135,1.0,True,True,51,0.09714285714285714,17,0.09714285714285714,0.06129073351621628,0.899459958076477,True,True,False
292,DS005-JM-F001,292,train,0,0.0,0,0.0,0.0,0.0,True,True,15,0.02857142857142857,5,0.02857142857142857,0.015092264860868454,0.9139140248298645,True,True,False
293,DS005-JM-F001,293,train,9,0.017142857142857144,3,0.017142857142857144,0.008270686492323875,0.9107850790023804,True,True,18,0.03428571428571429,6,0.03428571428571429,0.02114993892610073,0.93351811170578,True,True,False
294,DS005-JM-F001,294,train,51,0.09714285714285714,17,0.09714285714285714,0.04703745245933533,0.9037384986877441,True,True,36,0.06857142857142857,12,0.06857142857142857,0.03377605602145195,0.9037384986877441,True,True,False
295,DS005-JM-F001,295,train,9,0.017142857142857144,3,0.017142857142857144,0.010065962560474873,0.945652961730957,True,True,45,0.08571428571428572,15,0.08571428571428572,0.04533764719963074,0.9445040225982666,True,True,False
296,DS005-JM-F001,296,train,33,0.06285714285714286,11,0.06285714285714286,0.03871173411607742,0.9305760860443115,True,True,27,0.05142857142857143,9,0.05142857142857143,0.026969263330101967,0.9418678283691406,True,True,False
297,DS005-JM-F001,297,train,27,0.05142857142857143,9,0.05142857142857143,0.02745039016008377,0.8885659575462341,True,True,45,0.08571428571428572,15,0.08571428571428572,0.04671025648713112,0.8966256380081177,True,True,False
298,DS005-JM-F001,298,train,24,0.045714285714285714,8,0.045714285714285714,0.028876852244138718,0.8811545372009277,True,True,39,0.07428571428571429,13,0.07428571428571429,0.04887133836746216,0.9083175659179688,True,True,False
299,DS005-JM-F001,299,train,42,0.08,14,0.08,0.049208953976631165,0.9265698790550232,True,True,0,0.0,0,0.0,0.0,0.0,True,True,False
300,DS005-JM-F001,300,train,24,0.045714285714285714,8,0.045714285714285714,0.025254342705011368,0.9746172428131104,True,True,9,0.017142857142857144,3,0.017142857142857144,0.009340166114270687,0.9440270066261292,True,True,False
301,DS005-JM-F001,301,train,30,0.05714285714285714,10,0.05714285714285714,0.0301166120916605,0.9845736622810364,True,True,3,0.005714285714285714,1,0.005714285714285714,0.003330932231619954,0.9528827667236328,True,True,False
302,DS005-JM-F001,302,train,0,0.0,0,0.0,0.0,0.0,True,True,33,0.06285714285714286,11,0.06285714285714286,0.03684030473232269,0.9999969601631165,True,True,False
303,DS005-JM-F001,303,train,9,0.017142857142857144,3,0.017142857142857144,0.009845791384577751,0.9899405837059021,True,True,9,0.017142857142857144,3,0.017142857142857144,0.009795254096388817,0.981760561466217,True,True,False
304,DS005-JM-F001,304,train,0,0.0,0,0.0,0.0,0.0,True,True,12,0.022857142857142857,4,0.022857142857142857,0.014585630036890507,0.9629677534103394,True,True,False
305,DS005-JM-F001,305,train,18,0.03428571428571429,6,0.03428571428571429,0.02084726095199585,0.9556984305381775,True,True,26,0.049523809523809526,13,0.07428571428571429,0.041624728590250015,1.0,True,True,False
306,DS005-JM-F001,306,train,0,0.0,0,0.0,0.0,0.0,True,True,51,0.09714285714285714,17,0.09714285714285714,0.05757622793316841,0.884249210357666,True,True,False
307,DS005-JM-F001,307,train,45,0.08571428571428572,15,0.08571428571428572,0.04659242182970047,0.9322559833526611,True,True,0,0.0,0,0.0,0.0,0.0,True,True,False
308,DS005-JM-F001,308,train,24,0.045714285714285714,8,0.045714285714285714,0.02262769639492035,0.86442631483078,True,True,39,0.07428571428571429,13,0.07428571428571429,0.04406100884079933,0.8353239893913269,True,True,False
309,DS005-JM-F001,309,train,51,0.09714285714285714,17,0.09714285714285714,0.06419353932142258,0.9246917366981506,True,True,36,0.06857142857142857,12,0.06857142857142857,0.0438796728849411,0.8830723762512207,True,True,False
310,DS005-JM-F001,310,train,18,0.03428571428571429,6,0.03428571428571429,0.018980275839567184,0.9960141777992249,True,True,0,0.0,0,0.0,0.0,0.0,True,True,False
311,DS005-JM-F001,311,train,0,0.0,0,0.0,0.0,0.0,True,True,0,0.0,0,0.0,0.0,0.0,True,True,True
312,DS005-JM-F001,312,train,21,0.04,7,0.04,0.01934172585606575,0.9437327980995178,True,True,27,0.05142857142857143,9,0.05142857142857143,0.023690341040492058,0.9471911191940308,True,True,False
313,DS005-JM-F001,313,train,45,0.08571428571428572,15,0.08571428571428572,0.06424149870872498,2.3574883937835693,True,True,9,0.017142857142857144,3,0.017142857142857144,0.01401982456445694,1.3055187463760376,True,True,False
314,DS005-JM-F001,314,train,12,0.022857142857142857,4,0.022857142857142857,0.011850502341985703,0.8276160955429077,True,True,0,0.0,0,0.0,0.0,0.0,True,True,False
315,DS005-JM-F001,315,train,0,0.0,0,0.0,0.0,0.0,True,True,45,0.08571428571428572,17,0.09714285714285714,0.05899924784898758,1.0,True,True,False
316,DS005-JM-F001,316,train,32,0.06095238095238095,16,0.09142857142857143,0.051230430603027344,1.0,True,True,36,0.06857142857142857,12,0.06857142857142857,0.04246450588107109,0.7740560173988342,True,True,False
317,DS005-JM-F001,317,train,0,0.0,0,0.0,0.0,0.0,True,True,2,0.0038095238095238095,1,0.005714285714285714,0.003201901912689209,1.0,True,True,False
318,DS005-JM-F001,318,train,0,0.0,0,0.0,0.0,0.0,True,True,18,0.03428571428571429,9,0.05142857142857143,0.02881711721420288,1.0,True,True,False
319,DS005-JM-F001,319,train,0,0.0,0,0.0,0.0,0.0,True,True,0,0.0,0,0.0,0.0,0.0,True,True,True
320,DS005-JM-F001,320,train,39,0.07428571428571429,13,0.07428571428571429,0.04136884585022926,0.8788168430328369,True,True,0,0.0,0,0.0,0.0,0.0,True,True,False
321,DS005-JM-F001,321,train,15,0.02857142857142857,5,0.02857142857142857,0.017717724665999413,0.8803114295005798,True,True,18,0.03428571428571429,6,0.03428571428571429,0.02033017762005329,0.883179783821106,True,True,False
322,DS005-JM-F001,322,train,0,0.0,0,0.0,0.0,0.0,True,True,0,0.0,0,0.0,0.0,0.0,True,True,True
323,DS005-JM-F001,323,train,0,0.0,0,0.0,0.0,0.0,True,True,24,0.045714285714285714,11,0.06285714285714286,0.03595784679055214,1.0,True,True,False
324,DS005-JM-F001,324,train,48,0.09142857142857143,16,0.09142857142857143,0.04978961870074272,0.7893518805503845,True,True,39,0.07428571428571429,13,0.07428571428571429,0.04270923137664795,0.7329444289207458,True,True,False
325,DS005-JM-F001,325,train,12,0.022857142857142857,4,0.022857142857142857,0.014210491441190243,0.7569130063056946,True,True,22,0.0419047619047619,11,0.06285714285714286,0.0352209210395813,1.0,True,True,False
326,DS005-JM-F001,326,train,39,0.07428571428571429,13,0.07428571428571429,0.04908072575926781,0.7206184267997742,True,True,21,0.04,7,0.04,0.02559739537537098,0.7299190759658813,True,True,False
327,DS005-JM-F001,327,train,20,0.0380952380952381,10,0.05714285714285714,0.03201901912689209,1.0,True,True,30,0.05714285714285714,10,0.05714285714285714,0.034845318645238876,0.7386688590049744,True,True,False
328,DS005-JM-F001,328,train,9,0.017142857142857144,3,0.017142857142857144,0.008965941146016121,0.9103296399116516,True,True,0,0.0,0,0.0,0.0,0.0,True,True,False
329,DS005-JM-F001,329,train,9,0.017142857142857144,3,0.017142857142857144,0.008532853797078133,0.8591111898422241,True,True,0,0.0,0,0.0,0.0,0.0,True,True,False
330,DS005-JM-F001,330,train,24,0.045714285714285714,8,0.045714285714285714,0.049359388649463654,2.5885298252105713,True,True,0,0.0,0,0.0,0.0,0.0,True,True,False
331,DS005-JM-F001,331,train,0,0.0,0,0.0,0.0,0.0,True,True,9,0.017142857142857144,3,0.017142857142857144,0.008586316369473934,0.8792945146560669,True,True,False
332,DS005-JM-F001,332,train,24,0.045714285714285714,8,0.045714285714285714,0.021679649129509926,0.9124237298965454,True,True,21,0.04,7,0.04,0.019913282245397568,0.9072539210319519,True,True,False
333,DS005-JM-F001,333,train,45,0.08571428571428572,15,0.08571428571428572,0.053118616342544556,0.9231957793235779,True,True,0,0.0,0,0.0,0.0,0.0,True,True,False
334,DS005-JM-F001,334,train,0,0.0,0,0.0,0.0,0.0,True,True,0,0.0,0,0.0,0.0,0.0,True,True,True
335,DS005-JM-F001,335,train,51,0.09714285714285714,17,0.09714285714285714,0.07731830328702927,1.7429174184799194,True,True,0,0.0,0,0.0,0.0,0.0,True,True,False
336,DS005-JM-F001,336,train,24,0.045714285714285714,8,0.045714285714285714,0.02421760931611061,0.7889046669006348,True,True,15,0.02857142857142857,5,0.02857142857142857,0.0141664519906044,0.7868137955665588,True,True,False
337,DS005-JM-F001,337,train,45,0.08571428571428572,15,0.08571428571428572,0.05239564925432205,0.8222076892852783,True,True,0,0.0,0,0.0,0.0,0.0,True,True,False
338,DS005-JM-F001,338,train,15,0.02857142857142857,5,0.02857142857142857,0.013674571178853512,0.9532679319381714,True,True,42,0.08,14,0.08,0.04363064840435982,0.9278771281242371,True,True,False
339,DS005-JM-F001,339,train,16,0.030476190476190476,8,0.045714285714285714,0.025615215301513672,1.0,True,True,2,0.0038095238095238095,1,0.005714285714285714,0.003201901912689209,1.0,True,True,False
340,DS005-JM-F001,340,train,2,0.0038095238095238095,1,0.005714285714285714,0.003201901912689209,1.0,True,True,45,0.08571428571428572,15,0.08571428571428572,0.048165109008550644,0.8618225455284119,True,True,False
341,DS005-JM-F001,341,train,9,0.017142857142857144,3,0.017142857142857144,0.011161384172737598,0.8016054630279541,True,True,45,0.08571428571428572,15,0.08571428571428572,0.052148763090372086,0.8352428674697876,True,True,False
342,DS005-JM-F001,342,train,9,0.017142857142857144,3,0.017142857142857144,0.0168959628790617,2.081120729446411,True,True,42,0.08,14,0.08,0.04998409003019333,1.2257258892059326,True,True,False
343,DS005-JM-F001,343,train,14,0.02666666666666667,7,0.04,0.022413313388824463,1.0,True,True,33,0.06285714285714286,11,0.06285714285714286,0.03497589752078056,0.8565204739570618,True,True,False
344,DS005-JM-F001,344,train,51,0.09714285714285714,17,0.09714285714285714,0.049718502908945084,0.8500762581825256,True,True,27,0.05142857142857143,9,0.05142857142857143,0.03284470736980438,0.839496374130249,True,True,False
345,DS005-JM-F001,345,train,0,0.0,0,0.0,0.0,0.0,True,True,0,0.0,0,0.0,0.0,0.0,True,True,True
346,DS005-JM-F001,346,train,33,0.06285714285714286,11,0.06285714285714286,0.03484206646680832,0.8557220697402954,True,True,12,0.022857142857142857,6,0.03428571428571429,0.019211411476135254,1.0,True,True,False
347,DS005-JM-F001,347,train,48,0.09142857142857143,16,0.09142857142857143,0.04765878990292549,0.7998278141021729,True,True,45,0.08571428571428572,15,0.08571428571428572,0.04399006441235542,0.7804775238037109,True,True,False
348,DS005-JM-F001,348,train,51,0.09714285714285714,17,0.09714285714285714,0.05548097938299179,0.7838632464408875,True,True,21,0.04,7,0.04,0.025303738191723824,0.7667688131332397,True,True,False
349,DS005-JM-F001,349,train,21,0.04,7,0.04,0.025923514738678932,0.7157135009765625,True,True,15,0.02857142857142857,5,0.02857142857142857,0.01765204593539238,0.7339531183242798,True,True,False
350,DS005-JM-F001,350,train,21,0.04,7,0.04,0.037411872297525406,2.143555164337158,True,True,45,0.08571428571428572,15,0.08571428571428572,0.07157276570796967,2.1465706825256348,True,True,False
351,DS005-JM-F001,351,train,22,0.0419047619047619,9,0.05142857142857143,0.029243089258670807,1.0,True,True,0,0.0,0,0.0,0.0,0.0,True,True,False
352,DS005-JM-F001,352,train,0,0.0,0,0.0,0.0,0.0,True,True,42,0.08,14,0.08,0.04659991338849068,0.9437142014503479,True,True,False
353,DS005-JM-F001,353,train,6,0.011428571428571429,2,0.011428571428571429,0.005712173413485289,0.8605325222015381,True,True,51,0.09714285714285714,17,0.09714285714285714,0.07425032556056976,1.6719759702682495,True,True,False
354,DS005-JM-F001,354,train,16,0.030476190476190476,8,0.045714285714285714,0.025615215301513672,1.0,True,True,0,0.0,0,0.0,0.0,0.0,True,True,False
355,DS005-JM-F001,355,train,10,0.01904761904761905,5,0.02857142857142857,0.016009511426091194,1.0,True,True,9,0.017142857142857144,3,0.017142857142857144,0.008619645610451698,0.9130417704582214,True,True,False
356,DS005-JM-F001,356,train,0,0.0,0,0.0,0.0,0.0,True,True,0,0.0,0,0.0,0.0,0.0,True,True,True
357,DS005-JM-F001,357,train,15,0.02857142857142857,5,0.02857142857142857,0.01456849928945303,0.967522919178009,True,True,0,0.0,0,0.0,0.0,0.0,True,True,False
358,DS005-JM-F001,358,train,0,0.0,0,0.0,0.0,0.0,True,True,0,0.0,0,0.0,0.0,0.0,True,True,True
359,DS005-JM-F001,359,train,26,0.049523809523809526,13,0.07428571428571429,0.041624728590250015,1.0,True,True,6,0.011428571428571429,3,0.017142857142857144,0.009605705738067627,1.0,True,True,False
360,DS005-JM-F001,360,train,6,0.011428571428571429,2,0.011428571428571429,0.00598320085555315,0.999558687210083,True,True,26,0.049523809523809526,13,0.07428571428571429,0.041624728590250015,1.0,True,True,False
361,DS005-JM-F001,361,train,3,0.005714285714285714,1,0.005714285714285714,0.0037519708275794983,0.9005523324012756,True,True,0,0.0,0,0.0,0.0,0.0,True,True,False
362,DS005-JM-F001,362,train,16,0.030476190476190476,8,0.045714285714285714,0.025615215301513672,1.0,True,True,6,0.011428571428571429,2,0.011428571428571429,0.0076881819404661655,0.8990260362625122,True,True,False
363,DS005-JM-F001,363,train,0,0.0,0,0.0,0.0,0.0,True,True,21,0.04,7,0.04,0.02199229598045349,0.8945758938789368,True,True,False
364,DS005-JM-F001,364,train,12,0.022857142857142857,4,0.022857142857142857,0.012943903915584087,0.7530696988105774,True,True,18,0.03428571428571429,6,0.03428571428571429,0.022934656590223312,0.7521302700042725,True,True,False
365,DS005-JM-F001,365,train,0,0.0,0,0.0,0.0,0.0,True,True,12,0.022857142857142857,6,0.03428571428571429,0.019211411476135254,1.0,True,True,False
366,DS005-JM-F001,366,train,32,0.06095238095238095,16,0.09142857142857143,0.051230430603027344,1.0,True,True,0,0.0,0,0.0,0.0,0.0,True,True,False
367,DS005-JM-F001,367,train,0,0.0,0,0.0,0.0,0.0,True,True,22,0.0419047619047619,11,0.06285714285714286,0.0352209210395813,1.0,True,True,False
368,DS005-JM-F001,368,train,12,0.022857142857142857,4,0.022857142857142857,0.01403371524065733,0.94866544008255,True,True,24,0.045714285714285714,8,0.045714285714285714,0.027937915176153183,0.9195511937141418,True,True,False
369,DS005-JM-F001,369,train,3,0.005714285714285714,1,0.005714285714285714,0.0035238065756857395,0.9346333742141724,True,True,0,0.0,0,0.0,0.0,0.0,True,True,False
370,DS005-JM-F001,370,train,0,0.0,0,0.0,0.0,0.0,True,True,24,0.045714285714285714,8,0.045714285714285714,0.024979401379823685,0.9773634076118469,True,True,False
371,DS005-JM-F001,371,train,0,0.0,0,0.0,0.0,0.0,True,True,48,0.09142857142857143,16,0.09142857142857143,0.04277161508798599,0.9959675073623657,True,True,False
372,DS005-JM-F001,372,train,0,0.0,0,0.0,0.0,0.0,True,True,42,0.08,14,0.08,0.03475942090153694,0.9999049305915833,True,True,False
373,DS005-JM-F001,373,train,0,0.0,0,0.0,0.0,0.0,True,True,33,0.06285714285714286,11,0.06285714285714286,0.03320061415433884,0.9985665082931519,True,True,False
374,DS005-JM-F001,374,train,0,0.0,0,0.0,0.0,0.0,True,True,0,0.0,0,0.0,0.0,0.0,True,True,True
375,DS005-JM-F001,375,train,18,0.03428571428571429,6,0.03428571428571429,0.01864219643175602,0.9554490447044373,True,True,18,0.03428571428571429,6,0.03428571428571429,0.018301496282219887,0.9574736952781677,True,True,False
376,DS005-JM-F001,376,train,26,0.049523809523809526,13,0.07428571428571429,0.041624728590250015,1.0,True,True,30,0.05714285714285714,10,0.05714285714285714,0.029173903167247772,0.9467275738716125,True,True,False
377,DS005-JM-F001,377,train,27,0.05142857142857143,9,0.05142857142857143,0.025897715240716934,0.9453184604644775,True,True,34,0.06476190476190476,17,0.09714285714285714,0.05443233624100685,1.0,True,True,False
378,DS005-JM-F001,378,train,27,0.05142857142857143,9,0.05142857142857143,0.022951750084757805,0.9991730451583862,True,True,0,0.0,0,0.0,0.0,0.0,True,True,False
379,DS005-JM-F001,379,train,12,0.022857142857142857,4,0.022857142857142857,0.013234174810349941,0.9967246055603027,True,True,45,0.08571428571428572,15,0.08571428571428572,0.044950731098651886,0.9999468326568604,True,True,False
380,DS005-JM-F001,380,train,39,0.07428571428571429,13,0.07428571428571429,0.0380231998860836,0.9999716281890869,True,True,0,0.0,0,0.0,0.0,0.0,True,True,False
381,DS005-JM-F001,381,train,0,0.0,0,0.0,0.0,0.0,True,True,24,0.045714285714285714,8,0.045714285714285714,0.028481148183345795,0.7878297567367554,True,True,False
382,DS005-JM-F001,382,train,16,0.030476190476190476,8,0.045714285714285714,0.025615215301513672,1.0,True,True,6,0.011428571428571429,2,0.011428571428571429,0.005482247564941645,0.8524528741836548,True,True,False
383,DS005-JM-F001,383,train,45,0.08571428571428572,15,0.08571428571428572,0.05381914973258972,0.7891526222229004,True,True,6,0.011428571428571429,3,0.017142857142857144,0.009605705738067627,1.0,True,True,False
384,DS005-JM-F001,384,train,0,0.0,0,0.0,0.0,0.0,True,True,0,0.0,0,0.0,0.0,0.0,True,True,True
385,DS005-JM-F001,385,train,0,0.0,0,0.0,0.0,0.0,True,True,33,0.06285714285714286,11,0.06285714285714286,0.027948344126343727,0.9968803524971008,True,True,False
386,DS005-JM-F001,386,train,0,0.0,0,0.0,0.0,0.0,True,True,22,0.0419047619047619,11,0.06285714285714286,0.0352209210395813,1.0,True,True,False
387,DS005-JM-F001,387,train,9,0.017142857142857144,3,0.017142857142857144,0.008767367340624332,0.938725471496582,True,True,45,0.08571428571428572,15,0.08571428571428572,0.050124168395996094,0.9151302576065063,True,True,False
388,DS005-JM-F001,388,train,3,0.005714285714285714,1,0.005714285714285714,0.0028778030537068844,0.8588578104972839,True,True,39,0.07428571428571429,13,0.07428571428571429,0.03920503333210945,0.8564832210540771,True,True,False
389,DS005-JM-F001,389,train,51,0.09714285714285714,17,0.09714285714285714,0.046849336475133896,0.9596933722496033,True,True,0,0.0,0,0.0,0.0,0.0,True,True,False
390,DS005-JM-F001,390,train,42,0.08,14,0.08,0.05559678375720978,1.2073380947113037,True,True,0,0.0,0,0.0,0.0,0.0,True,True,False
391,DS005-JM-F001,391,train,0,0.0,0,0.0,0.0,0.0,True,True,26,0.049523809523809526,13,0.07428571428571429,0.041624728590250015,1.0,True,True,False
392,DS005-JM-F001,392,train,20,0.0380952380952381,10,0.05714285714285714,0.03201902285218239,1.0,True,True,27,0.05142857142857143,9,0.05142857142857143,0.03300222009420395,0.871107816696167,True,True,False
393,DS005-JM-F001,393,train,27,0.05142857142857143,9,0.05142857142857143,0.03194459527730942,0.8815940022468567,True,True,27,0.05142857142857143,9,0.05142857142857143,0.0320100374519825,0.8825170993804932,True,True,False
394,DS005-JM-F001,394,train,9,0.017142857142857144,3,0.017142857142857144,0.01044569630175829,0.8897684812545776,True,True,18,0.03428571428571429,6,0.03428571428571429,0.019266728311777115,0.9066706895828247,True,True,False
395,DS005-JM-F001,395,train,21,0.04,7,0.04,0.02267870306968689,0.9404861927032471,True,True,45,0.08571428571428572,15,0.08571428571428572,0.04909374937415123,0.9547632336616516,True,True,False
396,DS005-JM-F001,396,train,12,0.022857142857142857,4,0.022857142857142857,0.012865148484706879,0.8047548532485962,True,True,18,0.03428571428571429,6,0.03428571428571429,0.022237299010157585,0.7908229231834412,True,True,False
397,DS005-JM-F001,397,train,36,0.06857142857142857,12,0.06857142857142857,0.0447484590113163,0.8892603516578674,True,True,3,0.005714285714285714,1,0.005714285714285714,0.0035127256996929646,0.8791311979293823,True,True,False
398,DS005-JM-F001,398,train,48,0.09142857142857143,16,0.09142857142857143,0.05019988864660263,0.9704650044441223,True,True,32,0.06095238095238095,16,0.09142857142857143,0.051230430603027344,1.0,True,True,False
399,DS005-JM-F001,399,train,0,0.0,0,0.0,0.0,0.0,True,True,0,0.0,0,0.0,0.0,0.0,True,True,True
400,DS005-JM-F001,400,train,48,0.09142857142857143,16,0.09142857142857143,0.04922723025083542,0.9886331558227539,True,True,0,0.0,0,0.0,0.0,0.0,True,True,False
401,DS005-JM-F001,401,train,48,0.09142857142857143,16,0.09142857142857143,0.048546526581048965,0.9983125329017639,True,True,45,0.08571428571428572,15,0.08571428571428572,0.04572659730911255,0.9980449676513672,True,True,False
402,DS005-JM-F001,402,train,2,0.0038095238095238095,1,0.005714285714285714,0.003201901912689209,1.0,True,True,32,0.06095238095238095,16,0.09142857142857143,0.051230430603027344,1.0,True,True,False
403,DS005-JM-F001,403,train,3,0.005714285714285714,1,0.005714285714285714,0.002713988069444895,0.9950695037841797,True,True,3,0.005714285714285714,1,0.005714285714285714,0.0028228259179741144,0.9373608827590942,True,True,False
404,DS005-JM-F001,404,train,14,0.02666666666666667,7,0.04,0.022413313388824463,1.0,True,True,33,0.06285714285714286,11,0.06285714285714286,0.03969140723347664,0.9213181138038635,True,True,False
405,DS005-JM-F001,405,train,48,0.09142857142857143,16,0.09142857142857143,0.04880613088607788,0.9742125868797302,True,True,30,0.05714285714285714,15,0.08571428571428572,0.048028528690338135,1.0,True,True,False
406,DS005-JM-F001,406,train,0,0.0,0,0.0,0.0,0.0,True,True,0,0.0,0,0.0,0.0,0.0,True,True,True
407,DS005-JM-F001,407,train,21,0.04,7,0.04,0.018023835495114326,0.9842504262924194,True,True,6,0.011428571428571429,2,0.011428571428571429,0.006962664891034365,0.987373948097229,True,True,False
408,DS005-JM-F001,408,train,0,0.0,0,0.0,0.0,0.0,True,True,41,0.07809523809523809,16,0.09142857142857143,0.053965553641319275,1.0,True,True,False
409,DS005-JM-F001,409,train,42,0.08,14,0.08,0.040430668741464615,0.9953967332839966,True,True,33,0.06285714285714286,11,0.06285714285714286,0.038826387375593185,0.9335325956344604,True,True,False
410,DS005-JM-F001,410,train,27,0.05142857142857143,9,0.05142857142857143,0.03978883847594261,1.1526051759719849,True,True,45,0.08571428571428572,15,0.08571428571428572,0.03730078786611557,0.9875933527946472,True,True,False
411,DS005-JM-F001,411,train,18,0.03428571428571429,6,0.03428571428571429,0.017920691519975662,0.768089234828949,True,True,0,0.0,0,0.0,0.0,0.0,True,True,False
412,DS005-JM-F001,412,train,20,0.0380952380952381,10,0.05714285714285714,0.03201902285218239,1.0,True,True,3,0.005714285714285714,1,0.005714285714285714,0.00272131129167974,0.9082041382789612,True,True,False
413,DS005-JM-F001,413,train,0,0.0,0,0.0,0.0,0.0,True,True,6,0.011428571428571429,2,0.011428571428571429,0.006159328389912844,0.97119140625,True,True,False
414,DS005-JM-F001,414,train,18,0.03428571428571429,6,0.03428571428571429,0.020339885726571083,0.9160208702087402,True,True,12,0.022857142857142857,6,0.03428571428571429,0.019211411476135254,1.0,True,True,False
415,DS005-JM-F001,415,train,18,0.03428571428571429,6,0.03428571428571429,0.020916515961289406,0.8488619327545166,True,True,0,0.0,0,0.0,0.0,0.0,True,True,False
416,DS005-JM-F001,416,train,0,0.0,0,0.0,0.0,0.0,True,True,0,0.0,0,0.0,0.0,0.0,True,True,True
417,DS005-JM-F001,417,train,14,0.02666666666666667,7,0.04,0.022413313388824463,1.0,True,True,18,0.03428571428571429,9,0.05142857142857143,0.02881711721420288,1.0,True,True,False
418,DS005-JM-F001,418,train,42,0.08,14,0.08,0.03942042216658592,0.9162517786026001,True,True,48,0.09142857142857143,16,0.09142857142857143,0.05547468364238739,1.087165117263794,True,True,False
419,DS005-JM-F001,419,train,24,0.045714285714285714,8,0.045714285714285714,0.025764085352420807,0.9762879014015198,True,True,0,0.0,0,0.0,0.0,0.0,True,True,False
420,DS005-JM-F001,420,train,0,0.0,0,0.0,0.0,0.0,True,True,0,0.0,0,0.0,0.0,0.0,True,True,True
421,DS005-JM-F001,421,train,15,0.02857142857142857,5,0.02857142857142857,0.016270138323307037,0.9761768579483032,True,True,18,0.03428571428571429,6,0.03428571428571429,0.024107731878757477,0.9665051102638245,True,True,False
422,DS005-JM-F001,422,train,18,0.03428571428571429,6,0.03428571428571429,0.019872911274433136,0.7835983037948608,True,True,9,0.017142857142857144,3,0.017142857142857144,0.009889806620776653,0.8447608351707458,True,True,False
423,DS005-JM-F001,423,train,24,0.045714285714285714,8,0.045714285714285714,0.029338279739022255,0.9422276020050049,True,True,0,0.0,0,0.0,0.0,0.0,True,True,False
424,DS005-JM-F001,424,train,18,0.03428571428571429,6,0.03428571428571429,0.021650899201631546,0.9124515056610107,True,True,42,0.08,14,0.08,0.038905564695596695,0.9160605669021606,True,True,False
425,DS005-JM-F001,425,train,0,0.0,0,0.0,0.0,0.0,True,True,2,0.0038095238095238095,1,0.005714285714285714,0.003201901912689209,1.0,True,True,False
426,DS005-JM-F001,426,train,36,0.06857142857142857,12,0.06857142857142857,0.036868683993816376,0.9972677230834961,True,True,48,0.09142857142857143,16,0.09142857142857143,0.0533745102584362,1.037596344947815,True,True,False
427,DS005-JM-F001,427,train,3,0.005714285714285714,1,0.005714285714285714,0.004321018233895302,0.8568457365036011,True,True,0,0.0,0,0.0,0.0,0.0,True,True,False
428,DS005-JM-F001,428,train,30,0.05714285714285714,10,0.05714285714285714,0.03556105121970177,0.8918569684028625,True,True,33,0.06285714285714286,11,0.06285714285714286,0.04077012464404106,0.8407944440841675,True,True,False
429,DS005-JM-F001,429,train,30,0.05714285714285714,15,0.08571428571428572,0.048028528690338135,1.0,True,True,35,0.06666666666666667,16,0.09142857142857143,0.05037446320056915,1.0,True,True,False
430,DS005-JM-F001,430,train,0,0.0,0,0.0,0.0,0.0,True,True,15,0.02857142857142857,5,0.02857142857142857,0.01396959275007248,0.8279927968978882,True,True,False
431,DS005-JM-F001,431,train,0,0.0,0,0.0,0.0,0.0,True,True,15,0.02857142857142857,5,0.02857142857142857,0.01689610257744789,0.7423034310340881,True,True,False
432,DS005-JM-F001,432,train,48,0.09142857142857143,16,0.09142857142857143,0.06072160229086876,0.7479295134544373,True,True,4,0.007619047619047619,2,0.011428571428571429,0.006403803825378418,1.0,True,True,False
433,DS005-JM-F001,433,train,48,0.09142857142857143,16,0.09142857142857143,0.07034293562173843,1.671011209487915,True,True,0,0.0,0,0.0,0.0,0.0,True,True,False
434,DS005-JM-F001,434,train,26,0.049523809523809526,13,0.07428571428571429,0.04162472486495972,1.0,True,True,0,0.0,0,0.0,0.0,0.0,True,True,False
435,DS005-JM-F001,435,train,0,0.0,0,0.0,0.0,0.0,True,True,0,0.0,0,0.0,0.0,0.0,True,True,True
436,DS005-JM-F001,436,train,8,0.015238095238095238,4,0.022857142857142857,0.012807607650756836,1.0,True,True,42,0.08,14,0.08,0.044001150876283646,0.797794759273529,True,True,False
437,DS005-JM-F001,437,train,39,0.07428571428571429,13,0.07428571428571429,0.04594884067773819,0.7970702648162842,True,True,51,0.09714285714285714,17,0.09714285714285714,0.050847526639699936,0.7921733260154724,True,True,False
438,DS005-JM-F001,438,train,42,0.08,14,0.08,0.048049598932266235,0.7630568742752075,True,True,48,0.09142857142857143,16,0.09142857142857143,0.04706766828894615,0.7889513373374939,True,True,False
439,DS005-JM-F001,439,train,0,0.0,0,0.0,0.0,0.0,True,True,0,0.0,0,0.0,0.0,0.0,True,True,True
440,DS005-JM-F001,440,train,0,0.0,0,0.0,0.0,0.0,True,True,32,0.06095238095238095,16,0.09142857142857143,0.051230430603027344,1.0,True,True,False
441,DS005-JM-F001,441,train,15,0.02857142857142857,5,0.02857142857142857,0.015541091561317444,0.8641626834869385,True,True,51,0.09714285714285714,17,0.09714285714285714,0.05772915482521057,1.0292352437973022,True,True,False
442,DS005-JM-F001,442,train,18,0.03428571428571429,6,0.03428571428571429,0.02340315654873848,0.8682867288589478,True,True,21,0.04,7,0.04,0.020490648224949837,0.9119874238967896,True,True,False
443,DS005-JM-F001,443,train,0,0.0,0,0.0,0.0,0.0,True,True,45,0.08571428571428572,15,0.08571428571428572,0.04289034381508827,0.9039455056190491,True,True,False
444,DS005-JM-F001,444,train,12,0.022857142857142857,4,0.022857142857142857,0.01321235578507185,0.9189479947090149,True,True,42,0.08,14,0.08,0.05382559821009636,1.1696584224700928,True,True,False
445,DS005-JM-F001,445,train,0,0.0,0,0.0,0.0,0.0,True,True,51,0.09714285714285714,17,0.09714285714285714,0.070583276450634,1.4342610836029053,True,True,False
446,DS005-JM-F001,446,train,2,0.0038095238095238095,1,0.005714285714285714,0.003201901912689209,1.0,True,True,36,0.06857142857142857,12,0.06857142857142857,0.027331218123435974,0.9999094009399414,True,True,False
447,DS005-JM-F001,447,train,48,0.09142857142857143,16,0.09142857142857143,0.07940548658370972,2.1058621406555176,True,True,12,0.022857142857142857,4,0.022857142857142857,0.012003348208963871,0.8411377668380737,True,True,False
448,DS005-JM-F001,448,train,15,0.02857142857142857,5,0.02857142857142857,0.014104865491390228,0.9604862332344055,True,True,15,0.02857142857142857,5,0.02857142857142857,0.018391259014606476,0.9812344312667847,True,True,False
449,DS005-JM-F001,449,train,24,0.045714285714285714,12,0.06857142857142857,0.03842282295227051,1.0,True,True,0,0.0,0,0.0,0.0,0.0,True,True,False
450,DS005-JM-F001,450,train,10,0.01904761904761905,5,0.02857142857142857,0.016009511426091194,1.0,True,True,30,0.05714285714285714,15,0.08571428571428572,0.04802853241562843,1.0,True,True,False
451,DS005-JM-F001,451,train,24,0.045714285714285714,8,0.045714285714285714,0.02731996402144432,0.8891859650611877,True,True,34,0.06476190476190476,14,0.08,0.04865768924355507,1.0,True,True,False
452,DS005-JM-F001,452,train,0,0.0,0,0.0,0.0,0.0,True,True,6,0.011428571428571429,2,0.011428571428571429,0.007303579244762659,0.8783671855926514,True,True,False
453,DS005-JM-F001,453,train,12,0.022857142857142857,4,0.022857142857142857,0.011774231679737568,0.7232365012168884,True,True,48,0.09142857142857143,16,0.09142857142857143,0.07212459295988083,1.4158663749694824,True,True,False
454,DS005-JM-F001,454,train,18,0.03428571428571429,6,0.03428571428571429,0.0234446469694376,0.8142186403274536,True,True,10,0.01904761904761905,5,0.02857142857142857,0.016009511426091194,1.0,True,True,False
455,DS005-JM-F001,455,train,2,0.0038095238095238095,1,0.005714285714285714,0.003201901912689209,1.0,True,True,24,0.045714285714285714,8,0.045714285714285714,0.018764829263091087,0.9996941685676575,True,True,False
456,DS005-JM-F001,456,train,51,0.09714285714285714,17,0.09714285714285714,0.08228069543838501,1.7326711416244507,True,True,9,0.017142857142857144,3,0.017142857142857144,0.008222500793635845,0.7418164610862732,True,True,False
457,DS005-JM-F001,457,train,42,0.08,14,0.08,0.05425538495182991,0.7464791536331177,True,True,42,0.08,14,0.08,0.048048678785562515,0.7177937626838684,True,True,False
458,DS005-JM-F001,458,train,6,0.011428571428571429,2,0.011428571428571429,0.01806570030748844,3.7017006874084473,True,True,18,0.03428571428571429,6,0.03428571428571429,0.016700878739356995,0.9115603566169739,True,True,False
459,DS005-JM-F001,459,train,33,0.06285714285714286,11,0.06285714285714286,0.032840896397829056,0.8126224279403687,True,True,0,0.0,0,0.0,0.0,0.0,True,True,False
460,DS005-JM-F001,460,train,0,0.0,0,0.0,0.0,0.0,True,True,0,0.0,0,0.0,0.0,0.0,True,True,True
461,DS005-JM-F001,461,train,0,0.0,0,0.0,0.0,0.0,True,True,12,0.022857142857142857,6,0.03428571428571429,0.019211411476135254,1.0,True,True,False
462,DS005-JM-F001,462,train,12,0.022857142857142857,4,0.022857142857142857,0.014739956706762314,0.7619808316230774,True,True,45,0.08571428571428572,15,0.08571428571428572,0.050811417400836945,0.7825078964233398,True,True,False
463,DS005-JM-F001,463,train,27,0.05142857142857143,9,0.05142857142857143,0.031789734959602356,0.9955728054046631,True,True,9,0.017142857142857144,3,0.017142857142857144,0.008655643090605736,0.9652318954467773,True,True,False
464,DS005-JM-F001,464,train,36,0.06857142857142857,12,0.06857142857142857,0.03846341744065285,0.8600073456764221,True,True,3,0.005714285714285714,1,0.005714285714285714,0.003167543327435851,0.8478069305419922,True,True,False
465,DS005-JM-F001,465,train,18,0.03428571428571429,6,0.03428571428571429,0.026179742068052292,1.540629506111145,True,True,39,0.07428571428571429,13,0.07428571428571429,0.03862692043185234,0.8361527919769287,True,True,False
466,DS005-JM-F001,466,train,14,0.02666666666666667,7,0.04,0.022413313388824463,1.0,True,True,33,0.06285714285714286,11,0.06285714285714286,0.08062271773815155,4.114506244659424,True,True,False
467,DS005-JM-F001,467,train,45,0.08571428571428572,15,0.08571428571428572,0.047207705676555634,0.7470682263374329,True,True,12,0.022857142857142857,4,0.022857142857142857,0.019948182627558708,1.4363139867782593,True,True,False
468,DS005-JM-F001,468,train,4,0.007619047619047619,2,0.011428571428571429,0.006403803825378418,1.0,True,True,0,0.0,0,0.0,0.0,0.0,True,True,False
469,DS005-JM-F001,469,train,0,0.0,0,0.0,0.0,0.0,True,True,32,0.06095238095238095,16,0.09142857142857143,0.051230430603027344,1.0,True,True,False
470,DS005-JM-F001,470,train,30,0.05714285714285714,15,0.08571428571428572,0.048028528690338135,1.0,True,True,22,0.0419047619047619,11,0.06285714285714286,0.0352209210395813,1.0,True,True,False
471,DS005-JM-F001,471,train,0,0.0,0,0.0,0.0,0.0,True,True,2,0.0038095238095238095,1,0.005714285714285714,0.003201901912689209,1.0,True,True,False
472,DS005-JM-F001,472,train,18,0.03428571428571429,8,0.045714285714285714,0.026404358446598053,1.0,True,True,9,0.017142857142857144,3,0.017142857142857144,0.013214659877121449,1.3807142972946167,True,True,False
473,DS005-JM-F001,473,train,27,0.05142857142857143,9,0.05142857142857143,0.02809327282011509,0.8863015174865723,True,True,16,0.030476190476190476,8,0.045714285714285714,0.025615215301513672,1.0,True,True,False
474,DS005-JM-F001,474,train,16,0.030476190476190476,8,0.045714285714285714,0.025615215301513672,1.0,True,True,0,0.0,0,0.0,0.0,0.0,True,True,False
475,DS005-JM-F001,475,train,0,0.0,0,0.0,0.0,0.0,True,True,3,0.005714285714285714,1,0.005714285714285714,0.0035456297919154167,0.8482818007469177,True,True,False
476,DS005-JM-F001,476,train,15,0.02857142857142857,5,0.02857142857142857,0.016641322523355484,0.8219233751296997,True,True,0,0.0,0,0.0,0.0,0.0,True,True,False
477,DS005-JM-F001,477,train,0,0.0,0,0.0,0.0,0.0,True,True,0,0.0,0,0.0,0.0,0.0,True,True,True
478,DS005-JM-F001,478,train,24,0.045714285714285714,8,0.045714285714285714,0.025297507643699646,0.9994455575942993,True,True,18,0.03428571428571429,6,0.03428571428571429,0.016316717490553856,0.9673158526420593,True,True,False
479,DS005-JM-F001,479,train,48,0.09142857142857143,16,0.09142857142857143,0.05032464489340782,0.9557502269744873,True,True,42,0.08,14,0.08,0.03741221874952316,0.9556457996368408,True,True,False
480,DS005-JM-F001,480,train,18,0.03428571428571429,6,0.03428571428571429,0.02534569799900055,1.431793451309204,True,True,21,0.04,7,0.04,0.023525841534137726,0.8928907513618469,True,True,False
481,DS005-JM-F001,481,train,21,0.04,7,0.04,0.027803905308246613,1.0816599130630493,True,True,27,0.05142857142857143,9,0.05142857142857143,0.029953602701425552,0.7601888179779053,True,True,False
482,DS005-JM-F001,482,train,42,0.08,14,0.08,0.042221274226903915,0.8316311836242676,True,True,6,0.011428571428571429,2,0.011428571428571429,0.007792526390403509,0.7943961024284363,True,True,False
483,DS005-JM-F001,483,train,33,0.06285714285714286,11,0.06285714285714286,0.03322204574942589,0.821763277053833,True,True,18,0.03428571428571429,9,0.05142857142857143,0.02881711721420288,1.0,True,True,False
484,DS005-JM-F001,484,train,27,0.05142857142857143,9,0.05142857142857143,0.04094218835234642,1.5113823413848877,True,True,10,0.01904761904761905,5,0.02857142857142857,0.016009511426091194,1.0,True,True,False
485,DS005-JM-F001,485,train,12,0.022857142857142857,4,0.022857142857142857,0.015503007918596268,0.8817458152770996,True,True,48,0.09142857142857143,16,0.09142857142857143,0.05619916692376137,0.8869869112968445,True,True,False
486,DS005-JM-F001,486,train,45,0.08571428571428572,15,0.08571428571428572,0.040953874588012695,0.9999999403953552,True,True,46,0.08761904761904762,17,0.09714285714285714,0.049927711486816406,1.0,True,True,False
487,DS005-JM-F001,487,train,0,0.0,0,0.0,0.0,0.0,True,True,0,0.0,0,0.0,0.0,0.0,True,True,True
488,DS005-JM-F001,488,train,30,0.05714285714285714,10,0.05714285714285714,0.03011452406644821,0.9510095119476318,True,True,18,0.03428571428571429,6,0.03428571428571429,0.02011834643781185,0.9077326655387878,True,True,False
489,DS005-JM-F001,489,train,0,0.0,0,0.0,0.0,0.0,True,True,10,0.01904761904761905,5,0.02857142857142857,0.016009511426091194,1.0,True,True,False
490,DS005-JM-F001,490,train,30,0.05714285714285714,15,0.08571428571428572,0.04802853241562843,1.0,True,True,0,0.0,0,0.0,0.0,0.0,True,True,False
491,DS005-JM-F001,491,train,15,0.02857142857142857,5,0.02857142857142857,0.02734958752989769,2.315861701965332,True,True,39,0.07428571428571429,13,0.07428571428571429,0.06247967109084129,1.777303695678711,True,True,False
492,DS005-JM-F001,492,train,21,0.04,7,0.04,0.023782765492796898,0.9073100090026855,True,True,0,0.0,0,0.0,0.0,0.0,True,True,False
493,DS005-JM-F001,493,train,32,0.06095238095238095,16,0.09142857142857143,0.051230430603027344,1.0,True,True,51,0.09714285714285714,17,0.09714285714285714,0.07951155304908752,3.5982649326324463,True,True,False
494,DS005-JM-F001,494,train,0,0.0,0,0.0,0.0,0.0,True,True,0,0.0,0,0.0,0.0,0.0,True,True,True
495,DS005-JM-F001,495,train,12,0.022857142857142857,6,0.03428571428571429,0.019211411476135254,1.0,True,True,2,0.0038095238095238095,1,0.005714285714285714,0.003201901912689209,1.0,True,True,False
496,DS005-JM-F001,496,train,0,0.0,0,0.0,0.0,0.0,True,True,48,0.09142857142857143,16,0.09142857142857143,0.054794006049633026,0.8238945603370667,True,True,False
497,DS005-JM-F001,497,train,22,0.0419047619047619,11,0.06285714285714286,0.0352209210395813,1.0,True,True,30,0.05714285714285714,10,0.05714285714285714,0.046539321541786194,1.3457789421081543,True,True,False
498,DS005-JM-F001,498,train,34,0.06476190476190476,17,0.09714285714285714,0.054432328790426254,1.0,True,True,4,0.007619047619047619,2,0.011428571428571429,0.006403803825378418,1.0,True,True,False
499,DS005-JM-F001,499,train,2,0.0038095238095238095,1,0.005714285714285714,0.003201901912689209,1.0,True,True,39,0.07428571428571429,13,0.07428571428571429,0.0542147159576416,1.1781508922576904,True,True,False
500,DS005-JM-F001,500,train,30,0.05714285714285714,10,0.05714285714285714,0.04261055961251259,1.5187091827392578,True,True,0,0.0,0,0.0,0.0,0.0,True,True,False
501,DS005-JM-F001,501,train,39,0.07428571428571429,13,0.07428571428571429,0.06272289156913757,1.8620508909225464,True,True,36,0.06857142857142857,12,0.06857142857142857,0.08107911795377731,3.5532724857330322,True,True,False
502,DS005-JM-F001,502,train,26,0.049523809523809526,13,0.07428571428571429,0.041624728590250015,1.0,True,True,0,0.0,0,0.0,0.0,0.0,True,True,False
503,DS005-JM-F001,503,train,16,0.030476190476190476,8,0.045714285714285714,0.025615215301513672,1.0,True,True,0,0.0,0,0.0,0.0,0.0,True,True,False
504,DS005-JM-F001,504,train,33,0.06285714285714286,11,0.06285714285714286,0.02987179160118103,0.929490327835083,True,True,36,0.06857142857142857,12,0.06857142857142857,0.0421062670648098,2.103487014770508,True,True,False
505,DS005-JM-F001,505,train,28,0.05333333333333334,14,0.08,0.04482662305235863,1.0,True,True,39,0.07428571428571429,13,0.07428571428571429,0.048362985253334045,1.3718029260635376,True,True,False
506,DS005-JM-F001,506,train,12,0.022857142857142857,6,0.03428571428571429,0.019211411476135254,1.0,True,True,0,0.0,0,0.0,0.0,0.0,True,True,False
507,DS005-JM-F001,507,train,39,0.07428571428571429,15,0.08571428571428572,0.042844753712415695,1.0,True,True,12,0.022857142857142857,4,0.022857142857142857,0.01111584808677435,0.9880896210670471,True,True,False
508,DS005-JM-F001,508,train,0,0.0,0,0.0,0.0,0.0,True,True,32,0.06095238095238095,13,0.07428571428571429,0.04036480933427811,1.0,True,True,False
509,DS005-JM-F001,509,train,4,0.007619047619047619,2,0.011428571428571429,0.006403803825378418,1.0,True,True,0,0.0,0,0.0,0.0,0.0,True,True,False
510,DS005-JM-F001,510,train,42,0.08,14,0.08,0.06364016234874725,1.409898281097412,True,True,0,0.0,0,0.0,0.0,0.0,True,True,False
511,DS005-JM-F001,511,train,0,0.0,0,0.0,0.0,0.0,True,True,42,0.08,14,0.08,0.03549077734351158,0.9999783039093018,True,True,False
512,DS005-JM-F001,512,train,39,0.07428571428571429,13,0.07428571428571429,0.04685232415795326,1.5250966548919678,True,True,3,0.005714285714285714,1,0.005714285714285714,0.0028608187567442656,0.9944111108779907,True,True,False
513,DS005-JM-F001,513,train,8,0.015238095238095238,4,0.022857142857142857,0.012807607650756836,1.0,True,True,12,0.022857142857142857,6,0.03428571428571429,0.019211411476135254,1.0,True,True,False
514,DS005-JM-F001,514,train,30,0.05714285714285714,10,0.05714285714285714,0.026829510927200317,0.9661502242088318,True,True,14,0.02666666666666667,7,0.04,0.022413313388824463,1.0,True,True,False
515,DS005-JM-F001,515,train,0,0.0,0,0.0,0.0,0.0,True,True,15,0.02857142857142857,5,0.02857142857142857,0.02003166265785694,0.9764419794082642,True,True,False
516,DS005-JM-F001,516,train,4,0.007619047619047619,2,0.011428571428571429,0.006403803825378418,1.0,True,True,9,0.017142857142857144,3,0.017142857142857144,0.013297616504132748,1.0057507753372192,True,True,False
517,DS005-JM-F001,517,train,14,0.02666666666666667,7,0.04,0.022413313388824463,1.0,True,True,18,0.03428571428571429,9,0.05142857142857143,0.02881711907684803,1.0,True,True,False
518,DS005-JM-F001,518,train,28,0.05333333333333334,10,0.05714285714285714,0.031162284314632416,1.0,True,True,0,0.0,0,0.0,0.0,0.0,True,True,False
519,DS005-JM-F001,519,train,12,0.022857142857142857,4,0.022857142857142857,0.01479392684996128,0.7451663017272949,True,True,18,0.03428571428571429,9,0.05142857142857143,0.02881711721420288,1.0,True,True,False
520,DS005-JM-F001,520,train,0,0.0,0,0.0,0.0,0.0,True,True,26,0.049523809523809526,11,0.06285714285714286,0.032466426491737366,1.0,True,True,False
521,DS005-JM-F001,521,train,21,0.04,7,0.04,0.016352171078324318,0.9843003749847412,True,True,30,0.05714285714285714,15,0.08571428571428572,0.048028528690338135,1.0,True,True,False
522,DS005-JM-F001,522,train,15,0.02857142857142857,5,0.02857142857142857,0.02335318922996521,1.8779035806655884,True,True,18,0.03428571428571429,6,0.03428571428571429,0.016996905207633972,0.9946109652519226,True,True,False
523,DS005-JM-F001,523,train,48,0.09142857142857143,16,0.09142857142857143,0.04430471360683441,0.9933640360832214,True,True,26,0.049523809523809526,13,0.07428571428571429,0.041624728590250015,1.0,True,True,False
524,DS005-JM-F001,524,train,36,0.06857142857142857,12,0.06857142857142857,0.03903696686029434,0.9993451833724976,True,True,12,0.022857142857142857,4,0.022857142857142857,0.013001993298530579,0.9982609748840332,True,True,False
525,DS005-JM-F001,525,train,51,0.09714285714285714,17,0.09714285714285714,0.054850079119205475,0.9998846650123596,True,True,0,0.0,0,0.0,0.0,0.0,True,True,False
526,DS005-JM-F001,526,train,30,0.05714285714285714,10,0.05714285714285714,0.03513843193650246,1.2300305366516113,True,True,4,0.007619047619047619,2,0.011428571428571429,0.006403803825378418,1.0,True,True,False
527,DS005-JM-F001,527,train,48,0.09142857142857143,16,0.09142857142857143,0.14183427393436432,5.6211700439453125,True,True,0,0.0,0,0.0,0.0,0.0,True,True,False
528,DS005-JM-F001,528,train,3,0.005714285714285714,1,0.005714285714285714,0.005184132605791092,1.3138631582260132,True,True,0,0.0,0,0.0,0.0,0.0,True,True,False
529,DS005-JM-F001,529,train,0,0.0,0,0.0,0.0,0.0,True,True,48,0.09142857142857143,16,0.09142857142857143,0.051364585757255554,1.0067576169967651,True,True,False
530,DS005-JM-F001,530,train,12,0.022857142857142857,6,0.03428571428571429,0.019211411476135254,1.0,True,True,24,0.045714285714285714,12,0.06857142857142857,0.03842282295227051,1.0,True,True,False
531,DS005-JM-F001,531,train,48,0.09142857142857143,16,0.09142857142857143,0.11591677367687225,5.082230567932129,True,True,48,0.09142857142857143,16,0.09142857142857143,0.048915449529886246,0.9999986290931702,True,True,False
532,DS005-JM-F001,532,train,18,0.03428571428571429,9,0.05142857142857143,0.02881711907684803,1.0,True,True,24,0.045714285714285714,8,0.045714285714285714,0.03906254097819328,1.7991172075271606,True,True,False
533,DS005-JM-F001,533,train,0,0.0,0,0.0,0.0,0.0,True,True,30,0.05714285714285714,10,0.05714285714285714,0.02657276578247547,0.9936019778251648,True,True,False
534,DS005-JM-F001,534,train,21,0.04,7,0.04,0.017061538994312286,0.9783616065979004,True,True,0,0.0,0,0.0,0.0,0.0,True,True,False
535,DS005-JM-F001,535,train,0,0.0,0,0.0,0.0,0.0,True,True,12,0.022857142857142857,4,0.022857142857142857,0.015210120938718319,0.8846026659011841,True,True,False
536,DS005-JM-F001,536,train,18,0.03428571428571429,6,0.03428571428571429,0.02069525420665741,0.8919966220855713,True,True,0,0.0,0,0.0,0.0,0.0,True,True,False
537,DS005-JM-F001,537,train,0,0.0,0,0.0,0.0,0.0,True,True,0,0.0,0,0.0,0.0,0.0,True,True,True
538,DS005-JM-F001,538,train,30,0.05714285714285714,15,0.08571428571428572,0.048028528690338135,1.0,True,True,33,0.06285714285714286,11,0.06285714285714286,0.027028853073716164,0.9906599521636963,True,True,False
539,DS005-JM-F001,539,train,3,0.005714285714285714,1,0.005714285714285714,0.007431211415678263,2.5766706466674805,True,True,9,0.017142857142857144,3,0.017142857142857144,0.010321014560759068,0.8768398761749268,True,True,False
540,DS005-JM-F001,540,train,12,0.022857142857142857,6,0.03428571428571429,0.019211411476135254,1.0,True,True,30,0.05714285714285714,15,0.08571428571428572,0.048028528690338135,1.0,True,True,False
541,DS005-JM-F001,541,train,2,0.0038095238095238095,1,0.005714285714285714,0.003201901912689209,1.0,True,True,18,0.03428571428571429,9,0.05142857142857143,0.02881711907684803,1.0,True,True,False
542,DS005-JM-F001,542,train,14,0.02666666666666667,7,0.04,0.022413313388824463,1.0,True,True,28,0.05333333333333334,12,0.06857142857142857,0.03891458362340927,1.0,True,True,False
543,DS005-JM-F001,543,train,36,0.06857142857142857,12,0.06857142857142857,0.041671812534332275,0.8695526719093323,True,True,0,0.0,0,0.0,0.0,0.0,True,True,False
544,DS005-JM-F001,544,train,3,0.005714285714285714,1,0.005714285714285714,0.0034253071062266827,0.8850415945053101,True,True,9,0.017142857142857144,3,0.017142857142857144,0.012853716500103474,1.0618562698364258,True,True,False
545,DS005-JM-F001,545,train,24,0.045714285714285714,8,0.045714285714285714,0.02704090252518654,0.7558042407035828,True,True,0,0.0,0,0.0,0.0,0.0,True,True,False
546,DS005-JM-F001,546,train,6,0.011428571428571429,2,0.011428571428571429,0.013756465166807175,2.914581060409546,True,True,42,0.08,14,0.08,0.04726579785346985,0.9569162726402283,True,True,False
547,DS005-JM-F001,547,train,24,0.045714285714285714,8,0.045714285714285714,0.0664629191160202,4.511122226715088,True,True,10,0.01904761904761905,5,0.02857142857142857,0.016009511426091194,1.0,True,True,False
548,DS005-JM-F001,548,train,6,0.011428571428571429,3,0.017142857142857144,0.009605705738067627,1.0,True,True,4,0.007619047619047619,2,0.011428571428571429,0.006403803825378418,1.0,True,True,False
549,DS005-JM-F001,549,train,21,0.04,7,0.04,0.024991218000650406,1.51854407787323,True,True,39,0.07428571428571429,13,0.07428571428571429,0.038680411875247955,0.9999976754188538,True,True,False
550,DS005-JM-F001,550,train,39,0.07428571428571429,13,0.07428571428571429,0.08240426331758499,2.8543927669525146,True,True,9,0.017142857142857144,3,0.017142857142857144,0.01298613753169775,1.1434863805770874,True,True,False
551,DS005-JM-F001,551,train,36,0.06857142857142857,12,0.06857142857142857,0.05756761506199837,1.8430852890014648,True,True,24,0.045714285714285714,8,0.045714285714285714,0.03671260178089142,1.448434829711914,True,True,False
552,DS005-JM-F001,552,train,33,0.06285714285714286,11,0.06285714285714286,0.03892476111650467,0.9851301312446594,True,True,0,0.0,0,0.0,0.0,0.0,True,True,False
553,DS005-JM-F001,553,train,0,0.0,0,0.0,0.0,0.0,True,True,0,0.0,0,0.0,0.0,0.0,True,True,True
554,DS005-JM-F001,554,train,3,0.005714285714285714,1,0.005714285714285714,0.0029559966642409563,0.9497102499008179,True,True,48,0.09142857142857143,16,0.09142857142857143,0.06035096198320389,1.2434147596359253,True,True,False
555,DS005-JM-F001,555,train,30,0.05714285714285714,10,0.05714285714285714,0.02926665171980858,0.9736348986625671,True,True,8,0.015238095238095238,4,0.022857142857142857,0.012807607650756836,1.0,True,True,False
556,DS005-JM-F001,556,train,36,0.06857142857142857,12,0.06857142857142857,0.05143590644001961,1.2649288177490234,True,True,9,0.017142857142857144,3,0.017142857142857144,0.0184007715433836,1.957253336906433,True,True,False
557,DS005-JM-F001,557,train,0,0.0,0,0.0,0.0,0.0,True,True,0,0.0,0,0.0,0.0,0.0,True,True,True
558,DS005-JM-F001,558,train,18,0.03428571428571429,6,0.03428571428571429,0.03271809592843056,1.563242793083191,True,True,0,0.0,0,0.0,0.0,0.0,True,True,False
559,DS005-JM-F001,559,train,45,0.08571428571428572,15,0.08571428571428572,0.057261548936367035,0.9056330919265747,True,True,3,0.005714285714285714,1,0.005714285714285714,0.0036171528045088053,0.896325945854187,True,True,False
560,DS005-JM-F001,560,train,36,0.06857142857142857,12,0.06857142857142857,0.03858646750450134,1.1358567476272583,True,True,39,0.07428571428571429,13,0.07428571428571429,0.045475251972675323,0.9091044068336487,True,True,False
561,DS005-JM-F001,561,train,5,0.009523809523809525,2,0.011428571428571429,0.006128705572336912,1.0,True,True,21,0.04,7,0.04,0.015079518780112267,0.9999577403068542,True,True,False
562,DS005-JM-F001,562,train,0,0.0,0,0.0,0.0,0.0,True,True,39,0.07428571428571429,13,0.07428571428571429,0.03671761602163315,0.9156968593597412,True,True,False
563,DS005-JM-F001,563,train,0,0.0,0,0.0,0.0,0.0,True,True,0,0.0,0,0.0,0.0,0.0,True,True,True
564,DS005-JM-F001,564,train,0,0.0,0,0.0,0.0,0.0,True,True,26,0.049523809523809526,13,0.07428571428571429,0.04162472486495972,1.0,True,True,False
565,DS005-JM-F001,565,train,36,0.06857142857142857,12,0.06857142857142857,0.04505450651049614,0.7484798431396484,True,True,9,0.017142857142857144,3,0.017142857142857144,0.00957036018371582,0.8811910152435303,True,True,False
566,DS005-JM-F001,566,train,28,0.05333333333333334,14,0.08,0.044826626777648926,1.0,True,True,0,0.0,0,0.0,0.0,0.0,True,True,False
567,DS005-JM-F001,567,train,4,0.007619047619047619,2,0.011428571428571429,0.006403803825378418,1.0,True,True,3,0.005714285714285714,1,0.005714285714285714,0.0026833172887563705,0.845519483089447,True,True,False
568,DS005-JM-F001,568,train,48,0.09142857142857143,16,0.09142857142857143,0.050218041986227036,0.832490861415863,True,True,0,0.0,0,0.0,0.0,0.0,True,True,False
569,DS005-JM-F001,569,train,18,0.03428571428571429,9,0.05142857142857143,0.02881711907684803,1.0,True,True,0,0.0,0,0.0,0.0,0.0,True,True,False
570,DS005-JM-F001,570,train,24,0.045714285714285714,8,0.045714285714285714,0.03534409776329994,1.3009742498397827,True,True,33,0.06285714285714286,11,0.06285714285714286,0.044891566038131714,1.6586014032363892,True,True,False
571,DS005-JM-F001,571,train,26,0.049523809523809526,13,0.07428571428571429,0.041624728590250015,1.0,True,True,21,0.04,7,0.04,0.025641323998570442,0.8337389826774597,True,True,False
572,DS005-JM-F001,572,train,0,0.0,0,0.0,0.0,0.0,True,True,33,0.06285714285714286,11,0.06285714285714286,0.03249930217862129,0.9265689253807068,True,True,False
573,DS005-JM-F001,573,train,0,0.0,0,0.0,0.0,0.0,True,True,12,0.022857142857142857,4,0.022857142857142857,0.013754812069237232,0.847472071647644,True,True,False
574,DS005-JM-F001,574,train,24,0.045714285714285714,8,0.045714285714285714,0.022921590134501457,0.8543331623077393,True,True,0,0.0,0,0.0,0.0,0.0,True,True,False
575,DS005-JM-F001,575,train,42,0.08,14,0.08,0.04548878222703934,0.8291119337081909,True,True,33,0.06285714285714286,11,0.06285714285714286,0.033462103456258774,0.8379604816436768,True,True,False
576,DS005-JM-F001,576,train,21,0.04,7,0.04,0.03335149958729744,2.7689568996429443,True,True,51,0.09714285714285714,17,0.09714285714285714,0.0998186320066452,2.651001453399658,True,True,False
577,DS005-JM-F001,577,train,4,0.007619047619047619,2,0.011428571428571429,0.006403803825378418,1.0,True,True,0,0.0,0,0.0,0.0,0.0,True,True,False
578,DS005-JM-F001,578,train,0,0.0,0,0.0,0.0,0.0,True,True,36,0.06857142857142857,12,0.06857142857142857,0.04458155855536461,0.7403944730758667,True,True,False
579,DS005-JM-F001,579,train,51,0.09714285714285714,17,0.09714285714285714,0.058810584247112274,0.7403560280799866,True,True,22,0.0419047619047619,11,0.06285714285714286,0.0352209210395813,1.0,True,True,False
580,DS005-JM-F001,580,train,51,0.09714285714285714,17,0.09714285714285714,0.06614137440919876,0.7245185971260071,True,True,10,0.01904761904761905,5,0.02857142857142857,0.016009511426091194,1.0,True,True,False
581,DS005-JM-F001,581,train,15,0.02857142857142857,5,0.02857142857142857,0.01676873490214348,0.7630628943443298,True,True,33,0.06285714285714286,11,0.06285714285714286,0.03747773915529251,0.8273223638534546,True,True,False
582,DS005-JM-F001,582,train,30,0.05714285714285714,10,0.05714285714285714,0.03635917231440544,0.8554214835166931,True,True,0,0.0,0,0.0,0.0,0.0,True,True,False
583,DS005-JM-F001,583,train,6,0.011428571428571429,3,0.017142857142857144,0.009605705738067627,1.0,True,True,33,0.06285714285714286,11,0.06285714285714286,0.04101424291729927,0.8743557929992676,True,True,False
584,DS005-JM-F001,584,train,30,0.05714285714285714,15,0.08571428571428572,0.048028528690338135,1.0,True,True,0,0.0,0,0.0,0.0,0.0,True,True,False
585,DS005-JM-F001,585,train,0,0.0,0,0.0,0.0,0.0,True,True,45,0.08571428571428572,15,0.08571428571428572,0.05338061600923538,0.8280309438705444,True,True,False
586,DS005-JM-F001,586,train,12,0.022857142857142857,4,0.022857142857142857,0.014797395095229149,0.8336396217346191,True,True,30,0.05714285714285714,10,0.05714285714285714,0.036033935844898224,0.7833733558654785,True,True,False
587,DS005-JM-F001,587,train,36,0.06857142857142857,12,0.06857142857142857,0.04102368280291557,0.7151519060134888,True,True,24,0.045714285714285714,12,0.06857142857142857,0.03842282295227051,1.0,True,True,False
588,DS005-JM-F001,588,train,30,0.05714285714285714,10,0.05714285714285714,0.03618986904621124,0.7724155187606812,True,True,18,0.03428571428571429,6,0.03428571428571429,0.021494045853614807,0.7504673004150391,True,True,False
589,DS005-JM-F001,589,train,45,0.08571428571428572,15,0.08571428571428572,0.05322008579969406,0.8734461665153503,True,True,24,0.045714285714285714,10,0.05714285714285714,0.03329009935259819,1.0,True,True,False
590,DS005-JM-F001,590,train,16,0.030476190476190476,8,0.045714285714285714,0.025615215301513672,1.0,True,True,0,0.0,0,0.0,0.0,0.0,True,True,False
591,DS005-JM-F001,591,train,8,0.015238095238095238,4,0.022857142857142857,0.012807607650756836,1.0,True,True,27,0.05142857142857143,9,0.05142857142857143,0.03137722611427307,0.9395337700843811,True,True,False
592,DS005-JM-F001,592,train,15,0.02857142857142857,5,0.02857142857142857,0.018343377858400345,0.8392246961593628,True,True,12,0.022857142857142857,4,0.022857142857142857,0.013589124195277691,0.876311719417572,True,True,False
593,DS005-JM-F001,593,train,13,0.024761904761904763,6,0.03428571428571429,0.01954708993434906,1.0,True,True,9,0.017142857142857144,3,0.017142857142857144,0.010548673570156097,0.9381675124168396,True,True,False
594,DS005-JM-F001,594,train,0,0.0,0,0.0,0.0,0.0,True,True,3,0.005714285714285714,1,0.005714285714285714,0.0031614303588867188,0.9017825722694397,True,True,False
595,DS005-JM-F001,595,train,6,0.011428571428571429,2,0.011428571428571429,0.0076878792606294155,0.8989742398262024,True,True,26,0.049523809523809526,13,0.07428571428571429,0.04162472486495972,1.0,True,True,False
596,DS005-JM-F001,596,train,9,0.017142857142857144,3,0.017142857142857144,0.008625966496765614,0.9786843657493591,True,True,6,0.011428571428571429,2,0.011428571428571429,0.006713481154292822,0.9859025478363037,True,True,False
597,DS005-JM-F001,597,train,0,0.0,0,0.0,0.0,0.0,True,True,48,0.09142857142857143,16,0.09142857142857143,0.049250610172748566,0.9966024160385132,True,True,False
598,DS005-JM-F001,598,train,15,0.02857142857142857,5,0.02857142857142857,0.015496691688895226,0.996958315372467,True,True,34,0.06476190476190476,17,0.09714285714285714,0.05443233251571655,1.0,True,True,False
599,DS005-JM-F001,599,train,51,0.09714285714285714,17,0.09714285714285714,0.05177217349410057,0.9756621718406677,True,True,45,0.08571428571428572,15,0.08571428571428572,0.04530453309416771,0.9999370574951172,True,True,False
600,DS005-JM-F001,600,train,6,0.011428571428571429,2,0.011428571428571429,0.006493118591606617,0.9585379958152771,True,True,42,0.08,14,0.08,0.04112505540251732,0.9885453581809998,True,True,False
601,DS005-JM-F001,601,train,6,0.011428571428571429,2,0.011428571428571429,0.006812100298702717,0.844351589679718,True,True,18,0.03428571428571429,6,0.03428571428571429,0.018713034689426422,0.9183008074760437,True,True,False
602,DS005-JM-F001,602,train,0,0.0,0,0.0,0.0,0.0,True,True,15,0.02857142857142857,5,0.02857142857142857,0.019851936027407646,0.7566831111907959,True,True,False
603,DS005-JM-F001,603,train,15,0.02857142857142857,5,0.02857142857142857,0.017390215769410133,0.8727556467056274,True,True,0,0.0,0,0.0,0.0,0.0,True,True,False
604,DS005-JM-F001,604,train,0,0.0,0,0.0,0.0,0.0,True,True,9,0.017142857142857144,3,0.017142857142857144,0.01003432646393776,0.9252736568450928,True,True,False
605,DS005-JM-F001,605,train,39,0.07428571428571429,13,0.07428571428571429,0.04181447997689247,0.850373387336731,True,True,30,0.05714285714285714,10,0.05714285714285714,0.0347510501742363,0.8889661431312561,True,True,False
606,DS005-JM-F001,606,train,15,0.02857142857142857,5,0.02857142857142857,0.01885722205042839,0.8044647574424744,True,True,45,0.08571428571428572,15,0.08571428571428572,0.04912517964839935,0.8258907794952393,True,True,False
607,DS005-JM-F001,607,train,6,0.011428571428571429,2,0.011428571428571429,0.0075720068998634815,0.8104841709136963,True,True,3,0.005714285714285714,1,0.005714285714285714,0.0037862583994865417,0.8117135763168335,True,True,False
608,DS005-JM-F001,608,train,0,0.0,0,0.0,0.0,0.0,True,True,21,0.04,7,0.04,0.03267304599285126,1.5623425245285034,True,True,False
609,DS005-JM-F001,609,train,0,0.0,0,0.0,0.0,0.0,True,True,12,0.022857142857142857,4,0.022857142857142857,0.009155313484370708,0.9981076717376709,True,True,False
610,DS005-JM-F001,610,train,0,0.0,0,0.0,0.0,0.0,True,True,30,0.05714285714285714,10,0.05714285714285714,0.02858424186706543,0.9938002824783325,True,True,False
611,DS005-JM-F001,611,train,4,0.007619047619047619,2,0.011428571428571429,0.006403803825378418,1.0,True,True,24,0.045714285714285714,8,0.045714285714285714,0.022740529850125313,0.9901261925697327,True,True,False
612,DS005-JM-F001,612,train,51,0.09714285714285714,17,0.09714285714285714,0.05001701042056084,0.9882382154464722,True,True,0,0.0,0,0.0,0.0,0.0,True,True,False
613,DS005-JM-F001,613,train,22,0.0419047619047619,11,0.06285714285714286,0.0352209210395813,1.0,True,True,48,0.09142857142857143,16,0.09142857142857143,0.04668542370200157,0.9916768074035645,True,True,False
614,DS005-JM-F001,614,train,33,0.06285714285714286,11,0.06285714285714286,0.030420949682593346,0.9486029744148254,True,True,0,0.0,0,0.0,0.0,0.0,True,True,False
615,DS005-JM-F001,615,train,28,0.05333333333333334,14,0.08,0.044826626777648926,1.0,True,True,3,0.005714285714285714,1,0.005714285714285714,0.00379500025883317,0.7269484996795654,True,True,False
616,DS005-JM-F001,616,train,36,0.06857142857142857,12,0.06857142857142857,0.0390557199716568,0.8486953973770142,True,True,10,0.01904761904761905,5,0.02857142857142857,0.016009511426091194,1.0,True,True,False
617,DS005-JM-F001,617,train,12,0.022857142857142857,4,0.022857142857142857,0.012868151068687439,0.9441465735435486,True,True,30,0.05714285714285714,10,0.05714285714285714,0.03264009580016136,0.9624741673469543,True,True,False
618,DS005-JM-F001,618,train,32,0.06095238095238095,16,0.09142857142857143,0.051230430603027344,1.0,True,True,21,0.04,7,0.04,0.022829726338386536,0.9658743143081665,True,True,False
619,DS005-JM-F001,619,train,0,0.0,0,0.0,0.0,0.0,True,True,0,0.0,0,0.0,0.0,0.0,True,True,True
620,DS005-JM-F001,620,train,9,0.017142857142857144,3,0.017142857142857144,0.013412926346063614,1.3000705242156982,True,True,48,0.09142857142857143,16,0.09142857142857143,0.06847073137760162,1.4758089780807495,True,True,False
621,DS005-JM-F001,621,train,0,0.0,0,0.0,0.0,0.0,True,True,39,0.07428571428571429,13,0.07428571428571429,0.03573217615485191,0.9928439259529114,True,True,False
622,DS005-JM-F001,622,train,0,0.0,0,0.0,0.0,0.0,True,True,6,0.011428571428571429,2,0.011428571428571429,0.005951553117483854,0.9915756583213806,True,True,False
623,DS005-JM-F001,623,train,30,0.05714285714285714,15,0.08571428571428572,0.048028528690338135,1.0,True,True,36,0.06857142857142857,12,0.06857142857142857,0.03446783125400543,0.9952317476272583,True,True,False
624,DS005-JM-F001,624,train,0,0.0,0,0.0,0.0,0.0,True,True,4,0.007619047619047619,2,0.011428571428571429,0.006403803825378418,1.0,True,True,False
625,DS005-JM-F001,625,train,12,0.022857142857142857,4,0.022857142857142857,0.010782976634800434,0.9996404647827148,True,True,0,0.0,0,0.0,0.0,0.0,True,True,False
626,DS005-JM-F001,626,train,0,0.0,0,0.0,0.0,0.0,True,True,9,0.017142857142857144,3,0.017142857142857144,0.0066676693968474865,0.998758852481842,True,True,False
627,DS005-JM-F001,627,train,0,0.0,0,0.0,0.0,0.0,True,True,30,0.05714285714285714,15,0.08571428571428572,0.048028528690338135,1.0,True,True,False
628,DS005-JM-F001,628,train,51,0.09714285714285714,17,0.09714285714285714,0.038906242698431015,0.9997163414955139,True,True,0,0.0,0,0.0,0.0,0.0,True,True,False
629,DS005-JM-F001,629,train,36,0.06857142857142857,12,0.06857142857142857,0.0268221665173769,0.9994917511940002,True,True,2,0.0038095238095238095,1,0.005714285714285714,0.003201901912689209,1.0,True,True,False
630,DS005-JM-F001,630,train,0,0.0,0,0.0,0.0,0.0,True,True,18,0.03428571428571429,9,0.05142857142857143,0.02881711907684803,1.0,True,True,False
631,DS005-JM-F001,631,train,48,0.09142857142857143,16,0.09142857142857143,0.05293666943907738,0.9779508113861084,True,True,0,0.0,0,0.0,0.0,0.0,True,True,False
632,DS005-JM-F001,632,train,20,0.0380952380952381,10,0.05714285714285714,0.03201902285218239,1.0,True,True,14,0.02666666666666667,7,0.04,0.022413313388824463,1.0,True,True,False
633,DS005-JM-F001,633,train,48,0.09142857142857143,16,0.09142857142857143,0.05016894266009331,0.9509351253509521,True,True,39,0.07428571428571429,13,0.07428571428571429,0.04047763720154762,0.9579377770423889,True,True,False
634,DS005-JM-F001,634,train,18,0.03428571428571429,6,0.03428571428571429,0.02132699079811573,0.9795486330986023,True,True,27,0.05142857142857143,9,0.05142857142857143,0.028869127854704857,0.9542653560638428,True,True,False
635,DS005-JM-F001,635,train,30,0.05714285714285714,15,0.08571428571428572,0.048028528690338135,1.0,True,True,3,0.005714285714285714,1,0.005714285714285714,0.003146732458844781,0.9690483212471008,True,True,False
636,DS005-JM-F001,636,train,0,0.0,0,0.0,0.0,0.0,True,True,8,0.015238095238095238,4,0.022857142857142857,0.012807607650756836,1.0,True,True,False
637,DS005-JM-F001,637,train,26,0.049523809523809526,13,0.07428571428571429,0.041624728590250015,1.0,True,True,48,0.09142857142857143,16,0.09142857142857143,0.04072851687669754,0.9999992847442627,True,True,False
638,DS005-JM-F001,638,train,0,0.0,0,0.0,0.0,0.0,True,True,0,0.0,0,0.0,0.0,0.0,True,True,True
639,DS005-JM-F001,639,train,15,0.02857142857142857,5,0.02857142857142857,0.015781061723828316,0.9749186635017395,True,True,28,0.05333333333333334,14,0.08,0.044826626777648926,1.0,True,True,False
640,DS005-JM-F001,640,train,2,0.0038095238095238095,1,0.005714285714285714,0.003201901912689209,1.0,True,True,0,0.0,0,0.0,0.0,0.0,True,True,False
641,DS005-JM-F001,641,train,24,0.045714285714285714,12,0.06857142857142857,0.03842282295227051,1.0,True,True,0,0.0,0,0.0,0.0,0.0,True,True,False
642,DS005-JM-F001,642,train,48,0.09142857142857143,16,0.09142857142857143,0.16217750310897827,8.553837776184082,True,True,18,0.03428571428571429,6,0.03428571428571429,0.030360722914338112,1.571063756942749,True,True,False
643,DS005-JM-F001,643,train,18,0.03428571428571429,6,0.03428571428571429,0.025540819391608238,1.5264750719070435,True,True,6,0.011428571428571429,2,0.011428571428571429,0.006894092075526714,0.9124923944473267,True,True,False
644,DS005-JM-F001,644,train,0,0.0,0,0.0,0.0,0.0,True,True,21,0.04,7,0.04,0.11194008588790894,7.35967493057251,True,True,False
645,DS005-JM-F001,645,train,28,0.05333333333333334,14,0.08,0.044826626777648926,1.0,True,True,0,0.0,0,0.0,0.0,0.0,True,True,False
646,DS005-JM-F001,646,train,30,0.05714285714285714,10,0.05714285714285714,0.06570477038621902,2.7527084350585938,True,True,22,0.0419047619047619,11,0.06285714285714286,0.0352209210395813,1.0,True,True,False
647,DS005-JM-F001,647,train,36,0.06857142857142857,14,0.08,0.04377540573477745,1.0,True,True,36,0.06857142857142857,12,0.06857142857142857,0.09458400309085846,3.362427234649658,True,True,False
648,DS005-JM-F001,648,train,33,0.06285714285714286,11,0.06285714285714286,0.1475839912891388,7.342745304107666,True,True,21,0.04,7,0.04,0.1238425150513649,8.899362564086914,True,True,False
649,DS005-JM-F001,649,train,33,0.06285714285714286,11,0.06285714285714286,0.03775578737258911,0.8090229034423828,True,True,12,0.022857142857142857,6,0.03428571428571429,0.019211411476135254,1.0,True,True,False
650,DS005-JM-F001,650,train,3,0.005714285714285714,1,0.005714285714285714,0.0032756528817117214,0.9338021874427795,True,True,4,0.007619047619047619,2,0.011428571428571429,0.006403803825378418,1.0,True,True,False
651,DS005-JM-F001,651,train,0,0.0,0,0.0,0.0,0.0,True,True,0,0.0,0,0.0,0.0,0.0,True,True,True
652,DS005-JM-F001,652,train,2,0.0038095238095238095,1,0.005714285714285714,0.003201901912689209,1.0,True,True,0,0.0,0,0.0,0.0,0.0,True,True,False
653,DS005-JM-F001,653,train,2,0.0038095238095238095,1,0.005714285714285714,0.003201901912689209,1.0,True,True,3,0.005714285714285714,1,0.005714285714285714,0.003848231164738536,0.8011581301689148,True,True,False
654,DS005-JM-F001,654,train,39,0.07428571428571429,13,0.07428571428571429,0.04197431728243828,0.9901636838912964,True,True,3,0.005714285714285714,1,0.005714285714285714,0.0030228463001549244,0.9945662021636963,True,True,False
655,DS005-JM-F001,655,train,0,0.0,0,0.0,0.0,0.0,True,True,28,0.05333333333333334,14,0.08,0.044826626777648926,1.0,True,True,False
656,DS005-JM-F001,656,train,0,0.0,0,0.0,0.0,0.0,True,True,9,0.017142857142857144,3,0.017142857142857144,0.008819663897156715,0.9919386506080627,True,True,False
657,DS005-JM-F001,657,train,0,0.0,0,0.0,0.0,0.0,True,True,22,0.0419047619047619,11,0.06285714285714286,0.0352209210395813,1.0,True,True,False
658,DS005-JM-F001,658,train,0,0.0,0,0.0,0.0,0.0,True,True,16,0.030476190476190476,8,0.045714285714285714,0.025615215301513672,1.0,True,True,False
659,DS005-JM-F001,659,train,0,0.0,0,0.0,0.0,0.0,True,True,16,0.030476190476190476,8,0.045714285714285714,0.025615215301513672,1.0,True,True,False
660,DS005-JM-F001,660,train,15,0.02857142857142857,5,0.02857142857142857,0.01221560686826706,0.9788755178451538,True,True,18,0.03428571428571429,9,0.05142857142857143,0.02881711721420288,1.0,True,True,False
661,DS005-JM-F001,661,train,9,0.017142857142857144,3,0.017142857142857144,0.011103754863142967,0.7589907050132751,True,True,0,0.0,0,0.0,0.0,0.0,True,True,False
662,DS005-JM-F001,662,train,12,0.022857142857142857,6,0.03428571428571429,0.019211411476135254,1.0,True,True,0,0.0,0,0.0,0.0,0.0,True,True,False
663,DS005-JM-F001,663,train,24,0.045714285714285714,12,0.06857142857142857,0.03842282295227051,1.0,True,True,43,0.08190476190476191,16,0.09142857142857143,0.04456677287817001,1.0,True,True,False
664,DS005-JM-F001,664,train,51,0.09714285714285714,17,0.09714285714285714,0.0527917817234993,0.9652828574180603,True,True,4,0.007619047619047619,2,0.011428571428571429,0.006403803825378418,1.0,True,True,False
665,DS005-JM-F002,0,train,45,0.08571428571428572,15,0.08571428571428572,0.07216271758079529,1.4412422180175781,True,True,48,0.09142857142857143,16,0.09142857142857143,0.12172258645296097,3.443911075592041,True,True,False
666,DS005-JM-F002,1,train,4,0.007619047619047619,2,0.011428571428571429,0.006403803825378418,1.0,True,True,9,0.017142857142857144,3,0.017142857142857144,0.007838058285415173,0.9962123036384583,True,True,False
667,DS005-JM-F002,2,train,22,0.0419047619047619,11,0.06285714285714286,0.0352209210395813,1.0,True,True,48,0.09142857142857143,16,0.09142857142857143,0.07385264337062836,1.6013239622116089,True,True,False
668,DS005-JM-F002,3,train,21,0.04,7,0.04,0.024617716670036316,0.9633800387382507,True,True,42,0.08,14,0.08,0.069956474006176,3.837202787399292,True,True,False
669,DS005-JM-F002,4,train,42,0.08,14,0.08,0.08252604305744171,2.1803171634674072,True,True,29,0.05523809523809524,12,0.06857142857142857,0.03755492717027664,1.0,True,True,False
670,DS005-JM-F002,5,train,45,0.08571428571428572,15,0.08571428571428572,0.06319483369588852,1.3653147220611572,True,True,16,0.030476190476190476,8,0.045714285714285714,0.025615215301513672,1.0,True,True,False
671,DS005-JM-F002,6,train,42,0.08,14,0.08,0.10462095588445663,5.197744846343994,True,True,10,0.01904761904761905,5,0.02857142857142857,0.016009511426091194,1.0,True,True,False
672,DS005-JM-F002,7,train,0,0.0,0,0.0,0.0,0.0,True,True,33,0.06285714285714286,11,0.06285714285714286,0.06226329877972603,3.572096347808838,True,True,False
673,DS005-JM-F002,8,train,39,0.07428571428571429,13,0.07428571428571429,0.09722863137722015,3.8690478801727295,True,True,36,0.06857142857142857,12,0.06857142857142857,0.0923178493976593,3.8690478801727295,True,True,False
674,DS005-JM-F002,9,train,0,0.0,0,0.0,0.0,0.0,True,True,0,0.0,0,0.0,0.0,0.0,True,True,True
675,DS005-JM-F002,10,train,0,0.0,0,0.0,0.0,0.0,True,True,0,0.0,0,0.0,0.0,0.0,True,True,True
676,DS005-JM-F002,11,train,21,0.04,7,0.04,0.042226649820804596,2.676685333251953,True,True,0,0.0,0,0.0,0.0,0.0,True,True,False
677,DS005-JM-F002,12,train,0,0.0,0,0.0,0.0,0.0,True,True,45,0.08571428571428572,15,0.08571428571428572,0.07162366807460785,2.064211845397949,True,True,False
678,DS005-JM-F002,13,train,18,0.03428571428571429,6,0.03428571428571429,0.031371600925922394,1.9292113780975342,True,True,32,0.06095238095238095,16,0.09142857142857143,0.051230430603027344,1.0,True,True,False
679,DS005-JM-F002,14,train,21,0.04,7,0.04,0.044442418962717056,2.6469004154205322,True,True,15,0.02857142857142857,5,0.02857142857142857,0.044331468641757965,3.5504448413848877,True,True,False
680,DS005-JM-F002,15,train,9,0.017142857142857144,3,0.017142857142857144,0.00939742662012577,0.9989359974861145,True,True,4,0.007619047619047619,2,0.011428571428571429,0.006403803825378418,1.0,True,True,False
681,DS005-JM-F002,16,train,12,0.022857142857142857,6,0.03428571428571429,0.019211411476135254,1.0,True,True,14,0.02666666666666667,7,0.04,0.022413313388824463,1.0,True,True,False
682,DS005-JM-F002,17,train,30,0.05714285714285714,10,0.05714285714285714,0.07339842617511749,3.2038185596466064,True,True,48,0.09142857142857143,16,0.09142857142857143,0.04503250867128372,0.951016902923584,True,True,False
683,DS005-JM-F002,18,train,0,0.0,0,0.0,0.0,0.0,True,True,0,0.0,0,0.0,0.0,0.0,True,True,True
684,DS005-JM-F002,19,train,16,0.030476190476190476,8,0.045714285714285714,0.025615215301513672,1.0,True,True,2,0.0038095238095238095,1,0.005714285714285714,0.003201901912689209,1.0,True,True,False
685,DS005-JM-F002,20,train,30,0.05714285714285714,15,0.08571428571428572,0.048028528690338135,1.0,True,True,0,0.0,0,0.0,0.0,0.0,True,True,False
686,DS005-JM-F002,21,train,42,0.08,14,0.08,0.046519454568624496,0.8326060771942139,True,True,33,0.06285714285714286,11,0.06285714285714286,0.037771083414554596,0.8347185850143433,True,True,False
687,DS005-JM-F002,22,train,12,0.022857142857142857,6,0.03428571428571429,0.019211413338780403,1.0,True,True,42,0.08,14,0.08,0.07321728020906448,2.093576431274414,True,True,False
688,DS005-JM-F002,23,train,4,0.007619047619047619,2,0.011428571428571429,0.006403803825378418,1.0,True,True,36,0.06857142857142857,15,0.08571428571428572,0.04630124941468239,1.0,True,True,False
689,DS005-JM-F002,24,train,0,0.0,0,0.0,0.0,0.0,True,True,51,0.09714285714285714,17,0.09714285714285714,0.09531570225954056,3.2373855113983154,True,True,False
690,DS005-JM-F002,25,train,0,0.0,0,0.0,0.0,0.0,True,True,17,0.03238095238095238,7,0.04,0.02285902202129364,1.0,True,True,False
691,DS005-JM-F002,26,train,36,0.06857142857142857,12,0.06857142857142857,0.04908788949251175,1.001587986946106,True,True,32,0.06095238095238095,16,0.09142857142857143,0.051230430603027344,1.0,True,True,False
692,DS005-JM-F002,27,train,6,0.011428571428571429,2,0.011428571428571429,0.0130245890468359,2.1849122047424316,True,True,0,0.0,0,0.0,0.0,0.0,True,True,False
693,DS005-JM-F002,28,train,12,0.022857142857142857,4,0.022857142857142857,0.014523454941809177,0.7757405042648315,True,True,32,0.06095238095238095,16,0.09142857142857143,0.051230430603027344,1.0,True,True,False
694,DS005-JM-F002,29,train,0,0.0,0,0.0,0.0,0.0,True,True,2,0.0038095238095238095,1,0.005714285714285714,0.003201901912689209,1.0,True,True,False
695,DS005-JM-F002,30,train,45,0.08571428571428572,15,0.08571428571428572,0.11335102468729019,4.5267181396484375,True,True,42,0.08,14,0.08,0.0629543885588646,1.310362696647644,True,True,False
696,DS005-JM-F002,31,train,9,0.017142857142857144,3,0.017142857142857144,0.01643875055015087,2.2737796306610107,True,True,36,0.06857142857142857,12,0.06857142857142857,0.04503742977976799,1.2894518375396729,True,True,False
697,DS005-JM-F002,32,train,24,0.045714285714285714,8,0.045714285714285714,0.020620262250304222,0.9948825836181641,True,True,20,0.0380952380952381,10,0.05714285714285714,0.03201902285218239,1.0,True,True,False
698,DS005-JM-F002,33,train,15,0.02857142857142857,5,0.02857142857142857,0.02271535061299801,1.7280577421188354,True,True,36,0.06857142857142857,12,0.06857142857142857,0.060781482607126236,2.2989373207092285,True,True,False
699,DS005-JM-F002,34,train,41,0.07809523809523809,15,0.08571428571428572,0.046441901475191116,1.0,True,True,10,0.01904761904761905,5,0.02857142857142857,0.016009511426091194,1.0,True,True,False
700,DS005-JM-F002,35,train,0,0.0,0,0.0,0.0,0.0,True,True,24,0.045714285714285714,12,0.06857142857142857,0.03842282295227051,1.0,True,True,False
701,DS005-JM-F002,36,train,12,0.022857142857142857,4,0.022857142857142857,0.02311726287007332,1.8822195529937744,True,True,27,0.05142857142857143,9,0.05142857142857143,0.1199461966753006,7.04409122467041,True,True,False
702,DS005-JM-F002,37,train,32,0.06095238095238095,16,0.09142857142857143,0.051230430603027344,1.0,True,True,14,0.02666666666666667,7,0.04,0.022413313388824463,1.0,True,True,False
703,DS005-JM-F002,38,train,30,0.05714285714285714,10,0.05714285714285714,0.03326362371444702,1.0540486574172974,True,True,39,0.07428571428571429,13,0.07428571428571429,0.05779856815934181,1.3307137489318848,True,True,False
704,DS005-JM-F002,39,train,0,0.0,0,0.0,0.0,0.0,True,True,39,0.07428571428571429,13,0.07428571428571429,0.06694157421588898,2.494067430496216,True,True,False
705,DS005-JM-F002,40,train,0,0.0,0,0.0,0.0,0.0,True,True,21,0.04,7,0.04,0.04361894726753235,2.4601893424987793,True,True,False
706,DS005-JM-F002,41,train,7,0.013333333333333334,3,0.017142857142857144,0.009782793000340462,1.0,True,True,8,0.015238095238095238,4,0.022857142857142857,0.012807607650756836,1.0,True,True,False
707,DS005-JM-F002,42,train,18,0.03428571428571429,6,0.03428571428571429,0.01970072090625763,0.8912243843078613,True,True,3,0.005714285714285714,1,0.005714285714285714,0.00585080124437809,1.8272920846939087,True,True,False
708,DS005-JM-F002,43,train,0,0.0,0,0.0,0.0,0.0,True,True,27,0.05142857142857143,9,0.05142857142857143,0.050897516310214996,3.1907687187194824,True,True,False
709,DS005-JM-F002,44,train,51,0.09714285714285714,17,0.09714285714285714,0.05130527913570404,0.8838644623756409,True,True,0,0.0,0,0.0,0.0,0.0,True,True,False
710,DS005-JM-F002,45,train,51,0.09714285714285714,17,0.09714285714285714,0.08620215207338333,2.3164472579956055,True,True,12,0.022857142857142857,4,0.022857142857142857,0.017382431775331497,1.2334558963775635,True,True,False
711,DS005-JM-F002,46,train,8,0.015238095238095238,4,0.022857142857142857,0.012807607650756836,1.0,True,True,51,0.09714285714285714,17,0.09714285714285714,0.13781410455703735,4.548150539398193,True,True,False
712,DS005-JM-F002,47,train,13,0.024761904761904763,5,0.02857142857142857,0.015271572396159172,1.0,True,True,30,0.05714285714285714,10,0.05714285714285714,0.03196386247873306,0.761424720287323,True,True,False
713,DS005-JM-F002,48,train,21,0.04,7,0.04,0.020248321816325188,0.7640337944030762,True,True,0,0.0,0,0.0,0.0,0.0,True,True,False
714,DS005-JM-F002,49,train,0,0.0,0,0.0,0.0,0.0,True,True,51,0.09714285714285714,17,0.09714285714285714,0.05368087813258171,0.7993946671485901,True,True,False
715,DS005-JM-F002,50,train,0,0.0,0,0.0,0.0,0.0,True,True,30,0.05714285714285714,15,0.08571428571428572,0.048028528690338135,1.0,True,True,False
716,DS005-JM-F002,51,train,0,0.0,0,0.0,0.0,0.0,True,True,24,0.045714285714285714,8,0.045714285714285714,0.02730800025165081,0.9827155470848083,True,True,False
717,DS005-JM-F002,52,train,12,0.022857142857142857,6,0.03428571428571429,0.019211411476135254,1.0,True,True,8,0.015238095238095238,4,0.022857142857142857,0.012807607650756836,1.0,True,True,False
718,DS005-JM-F002,53,train,21,0.04,7,0.04,0.03360985964536667,1.7296743392944336,True,True,0,0.0,0,0.0,0.0,0.0,True,True,False
719,DS005-JM-F002,54,train,27,0.05142857142857143,11,0.06285714285714286,0.03440525010228157,1.0,True,True,45,0.08571428571428572,15,0.08571428571428572,0.09805799275636673,3.4582533836364746,True,True,False
720,DS005-JM-F002,55,train,12,0.022857142857142857,4,0.022857142857142857,0.012092776596546173,0.8611305356025696,True,True,0,0.0,0,0.0,0.0,0.0,True,True,False
721,DS005-JM-F002,56,train,6,0.011428571428571429,3,0.017142857142857144,0.009605705738067627,1.0,True,True,9,0.017142857142857144,3,0.017142857142857144,0.015855642035603523,1.796554684638977,True,True,False
722,DS005-JM-F002,57,train,0,0.0,0,0.0,0.0,0.0,True,True,30,0.05714285714285714,10,0.05714285714285714,0.03134213015437126,0.989748477935791,True,True,False
723,DS005-JM-F002,58,train,15,0.02857142857142857,5,0.02857142857142857,0.012133068405091763,0.9965276122093201,True,True,36,0.06857142857142857,12,0.06857142857142857,0.028619665652513504,0.9989067316055298,True,True,False
724,DS005-JM-F002,59,train,51,0.09714285714285714,17,0.09714285714285714,0.08234249800443649,2.838517189025879,True,True,45,0.08571428571428572,15,0.08571428571428572,0.12478134781122208,4.466614246368408,True,True,False
725,DS005-JM-F002,60,train,0,0.0,0,0.0,0.0,0.0,True,True,27,0.05142857142857143,9,0.05142857142857143,0.029489992186427116,0.8980857729911804,True,True,False
726,DS005-JM-F002,61,train,33,0.06285714285714286,11,0.06285714285714286,0.03446910157799721,0.9372710585594177,True,True,51,0.09714285714285714,17,0.09714285714285714,0.06373119354248047,2.360419273376465,True,True,False
727,DS005-JM-F002,62,train,0,0.0,0,0.0,0.0,0.0,True,True,33,0.06285714285714286,11,0.06285714285714286,0.0597122386097908,2.2000234127044678,True,True,False
728,DS005-JM-F002,63,train,3,0.005714285714285714,1,0.005714285714285714,0.003450191579759121,0.8712716102600098,True,True,0,0.0,0,0.0,0.0,0.0,True,True,False
729,DS005-JM-F002,64,train,21,0.04,7,0.04,0.024610718712210655,0.9452882409095764,True,True,0,0.0,0,0.0,0.0,0.0,True,True,False
730,DS005-JM-F002,65,train,18,0.03428571428571429,6,0.03428571428571429,0.018564162775874138,0.8652622699737549,True,True,23,0.04380952380952381,8,0.045714285714285714,0.027887849137187004,1.0,True,True,False
731,DS005-JM-F002,66,train,0,0.0,0,0.0,0.0,0.0,True,True,9,0.017142857142857144,3,0.017142857142857144,0.010718767531216145,0.9578437209129333,True,True,False
732,DS005-JM-F002,67,train,0,0.0,0,0.0,0.0,0.0,True,True,18,0.03428571428571429,9,0.05142857142857143,0.02881711721420288,1.0,True,True,False
733,DS005-JM-F002,68,train,4,0.007619047619047619,2,0.011428571428571429,0.006403803825378418,1.0,True,True,23,0.04380952380952381,8,0.045714285714285714,0.02388244867324829,1.0,True,True,False
734,DS005-JM-F002,69,train,0,0.0,0,0.0,0.0,0.0,True,True,0,0.0,0,0.0,0.0,0.0,True,True,True
735,DS005-JM-F002,70,train,0,0.0,0,0.0,0.0,0.0,True,True,33,0.06285714285714286,11,0.06285714285714286,0.044921088963747025,1.3615384101867676,True,True,False
736,DS005-JM-F002,71,train,6,0.011428571428571429,2,0.011428571428571429,0.005193685181438923,0.9934301972389221,True,True,12,0.022857142857142857,4,0.022857142857142857,0.01680786907672882,1.2560863494873047,True,True,False
737,DS005-JM-F002,72,train,27,0.05142857142857143,9,0.05142857142857143,0.02050062268972397,0.9990622997283936,True,True,30,0.05714285714285714,10,0.05714285714285714,0.07266805320978165,3.6476733684539795,True,True,False
738,DS005-JM-F002,73,train,34,0.06476190476190476,15,0.08571428571428572,0.044633593410253525,1.0,True,True,20,0.0380952380952381,10,0.05714285714285714,0.03201902285218239,1.0,True,True,False
739,DS005-JM-F002,74,train,27,0.05142857142857143,9,0.05142857142857143,0.033122122287750244,1.0848486423492432,True,True,0,0.0,0,0.0,0.0,0.0,True,True,False
740,DS005-JM-F002,75,train,51,0.09714285714285714,17,0.09714285714285714,0.04213695600628853,0.9834279417991638,True,True,51,0.09714285714285714,17,0.09714285714285714,0.04403851553797722,0.9834279417991638,True,True,False
741,DS005-JM-F002,76,train,36,0.06857142857142857,12,0.06857142857142857,0.06916758418083191,2.3120217323303223,True,True,18,0.03428571428571429,6,0.03428571428571429,0.0638255923986435,10.278169631958008,True,True,False
742,DS005-JM-F002,77,train,39,0.07428571428571429,13,0.07428571428571429,0.04600825905799866,1.5004266500473022,True,True,12,0.022857142857142857,4,0.022857142857142857,0.017524512484669685,1.3178889751434326,True,True,False
743,DS005-JM-F002,78,train,30,0.05714285714285714,10,0.05714285714285714,0.04743145778775215,1.7209371328353882,True,True,0,0.0,0,0.0,0.0,0.0,True,True,False
744,DS005-JM-F002,79,train,30,0.05714285714285714,12,0.06857142857142857,0.032354921102523804,1.0,True,True,0,0.0,0,0.0,0.0,0.0,True,True,False
745,DS005-JM-F002,80,train,48,0.09142857142857143,16,0.09142857142857143,0.04416332393884659,0.9958199858665466,True,True,0,0.0,0,0.0,0.0,0.0,True,True,False
746,DS005-JM-F002,81,train,0,0.0,0,0.0,0.0,0.0,True,True,10,0.01904761904761905,5,0.02857142857142857,0.016009511426091194,1.0,True,True,False
747,DS005-JM-F002,82,train,21,0.04,7,0.04,0.04606678709387779,2.5187911987304688,True,True,9,0.017142857142857144,3,0.017142857142857144,0.017666146159172058,2.0986475944519043,True,True,False
748,DS005-JM-F002,83,train,10,0.01904761904761905,5,0.02857142857142857,0.016009511426091194,1.0,True,True,3,0.005714285714285714,1,0.005714285714285714,0.002356564626097679,0.9983880519866943,True,True,False
749,DS005-JM-F002,84,train,21,0.04,7,0.04,0.043037597090005875,2.3800318241119385,True,True,15,0.02857142857142857,5,0.02857142857142857,0.028624020516872406,2.3066608905792236,True,True,False
750,DS005-JM-F002,85,train,0,0.0,0,0.0,0.0,0.0,True,True,0,0.0,0,0.0,0.0,0.0,True,True,True
751,DS005-JM-F002,86,train,30,0.05714285714285714,15,0.08571428571428572,0.048028528690338135,1.0,True,True,42,0.08,14,0.08,0.05308982729911804,1.7670140266418457,True,True,False
752,DS005-JM-F002,87,train,48,0.09142857142857143,16,0.09142857142857143,0.09079408645629883,2.646113634109497,True,True,33,0.06285714285714286,11,0.06285714285714286,0.041188791394233704,0.8545913100242615,True,True,False
753,DS005-JM-F002,88,train,26,0.049523809523809526,13,0.07428571428571429,0.041624728590250015,1.0,True,True,33,0.06285714285714286,11,0.06285714285714286,0.03994954377412796,0.8245289325714111,True,True,False
754,DS005-JM-F002,89,train,22,0.0419047619047619,11,0.06285714285714286,0.0352209210395813,1.0,True,True,32,0.06095238095238095,16,0.09142857142857143,0.051230430603027344,1.0,True,True,False
755,DS005-JM-F002,90,train,0,0.0,0,0.0,0.0,0.0,True,True,21,0.04,7,0.04,0.034768033772706985,1.6091238260269165,True,True,False
756,DS005-JM-F002,91,train,39,0.07428571428571429,13,0.07428571428571429,0.03523417189717293,0.9680446982383728,True,True,48,0.09142857142857143,16,0.09142857142857143,0.07646135985851288,1.7104859352111816,True,True,False
757,DS005-JM-F002,92,train,15,0.02857142857142857,5,0.02857142857142857,0.02449365146458149,1.367880940437317,True,True,33,0.06285714285714286,11,0.06285714285714286,0.06203486770391464,2.1435608863830566,True,True,False
758,DS005-JM-F002,93,train,0,0.0,0,0.0,0.0,0.0,True,True,12,0.022857142857142857,4,0.022857142857142857,0.019739797338843346,1.564393162727356,True,True,False
759,DS005-JM-F002,94,train,18,0.03428571428571429,6,0.03428571428571429,0.040285028517246246,2.4201948642730713,True,True,0,0.0,0,0.0,0.0,0.0,True,True,False
760,DS005-JM-F002,95,train,48,0.09142857142857143,16,0.09142857142857143,0.040725044906139374,0.9963091015815735,True,True,14,0.02666666666666667,7,0.04,0.022413313388824463,1.0,True,True,False
761,DS005-JM-F002,96,train,16,0.030476190476190476,8,0.045714285714285714,0.025615215301513672,1.0,True,True,39,0.07428571428571429,13,0.07428571428571429,0.040073271840810776,0.7864102721214294,True,True,False
762,DS005-JM-F002,97,train,51,0.09714285714285714,17,0.09714285714285714,0.058613840490579605,0.726379930973053,True,True,0,0.0,0,0.0,0.0,0.0,True,True,False
763,DS005-JM-F002,98,train,24,0.045714285714285714,8,0.045714285714285714,0.023901555687189102,0.758988082408905,True,True,12,0.022857142857142857,4,0.022857142857142857,0.011311625130474567,0.7715169191360474,True,True,False
764,DS005-JM-F002,99,train,30,0.05714285714285714,15,0.08571428571428572,0.048028528690338135,1.0,True,True,0,0.0,0,0.0,0.0,0.0,True,True,False
765,DS005-JM-F002,100,train,18,0.03428571428571429,9,0.05142857142857143,0.02881711907684803,1.0,True,True,2,0.0038095238095238095,1,0.005714285714285714,0.003201901912689209,1.0,True,True,False
766,DS005-JM-F002,101,train,24,0.045714285714285714,8,0.045714285714285714,0.04577330872416496,2.5796308517456055,True,True,0,0.0,0,0.0,0.0,0.0,True,True,False
767,DS005-JM-F002,102,train,37,0.07047619047619047,13,0.07428571428571429,0.03453575074672699,1.0,True,True,6,0.011428571428571429,2,0.011428571428571429,0.008942860178649426,1.2309682369232178,True,True,False
768,DS005-JM-F002,103,train,18,0.03428571428571429,9,0.05142857142857143,0.02881711721420288,1.0,True,True,34,0.06476190476190476,17,0.09714285714285714,0.05443233624100685,1.0,True,True,False
769,DS005-JM-F002,104,train,39,0.07428571428571429,13,0.07428571428571429,0.06049547344446182,1.5853755474090576,True,True,3,0.005714285714285714,1,0.005714285714285714,0.004620610270649195,1.1665961742401123,True,True,False
770,DS005-JM-F002,105,train,33,0.06285714285714286,11,0.06285714285714286,0.06862163543701172,2.7228243350982666,True,True,15,0.02857142857142857,5,0.02857142857142857,0.02207358554005623,1.562301516532898,True,True,False
771,DS005-JM-F002,106,train,27,0.05142857142857143,9,0.05142857142857143,0.025668548420071602,0.8976233601570129,True,True,39,0.07428571428571429,13,0.07428571428571429,0.046164799481630325,0.8671579360961914,True,True,False
772,DS005-JM-F002,107,train,12,0.022857142857142857,4,0.022857142857142857,0.018439777195453644,1.5234301090240479,True,True,32,0.06095238095238095,16,0.09142857142857143,0.051230430603027344,1.0,True,True,False
773,DS005-JM-F002,108,train,0,0.0,0,0.0,0.0,0.0,True,True,8,0.015238095238095238,4,0.022857142857142857,0.012807607650756836,1.0,True,True,False
774,DS005-JM-F002,109,train,4,0.007619047619047619,2,0.011428571428571429,0.006403803825378418,1.0,True,True,0,0.0,0,0.0,0.0,0.0,True,True,False
775,DS005-JM-F002,110,train,0,0.0,0,0.0,0.0,0.0,True,True,0,0.0,0,0.0,0.0,0.0,True,True,True
776,DS005-JM-F002,111,train,39,0.07428571428571429,13,0.07428571428571429,0.04072113707661629,0.991572380065918,True,True,0,0.0,0,0.0,0.0,0.0,True,True,False
777,DS005-JM-F002,112,train,38,0.07238095238095238,16,0.09142857142857143,0.04779290407896042,1.0,True,True,3,0.005714285714285714,1,0.005714285714285714,0.003201389452442527,0.9965052604675293,True,True,False
778,DS005-JM-F002,113,train,9,0.017142857142857144,3,0.017142857142857144,0.009980927221477032,0.7293926477432251,True,True,10,0.01904761904761905,5,0.02857142857142857,0.016009511426091194,1.0,True,True,False
779,DS005-JM-F002,114,train,48,0.09142857142857143,16,0.09142857142857143,0.06421191990375519,1.4113337993621826,True,True,0,0.0,0,0.0,0.0,0.0,True,True,False
780,DS005-JM-F002,115,train,20,0.0380952380952381,10,0.05714285714285714,0.03201901912689209,1.0,True,True,21,0.04,7,0.04,0.029889900237321854,1.3717432022094727,True,True,False
781,DS005-JM-F002,116,train,39,0.07428571428571429,13,0.07428571428571429,0.056154314428567886,1.5039112567901611,True,True,6,0.011428571428571429,3,0.017142857142857144,0.009605705738067627,1.0,True,True,False
782,DS005-JM-F002,117,train,24,0.045714285714285714,8,0.045714285714285714,0.024351347237825394,0.9984363913536072,True,True,15,0.02857142857142857,5,0.02857142857142857,0.01468557771295309,0.9942026734352112,True,True,False
783,DS005-JM-F002,118,train,39,0.07428571428571429,13,0.07428571428571429,0.062114983797073364,2.3172905445098877,True,True,4,0.007619047619047619,2,0.011428571428571429,0.006403803825378418,1.0,True,True,False
784,DS005-JM-F002,119,train,41,0.07809523809523809,14,0.08,0.03208194673061371,1.0,True,True,0,0.0,0,0.0,0.0,0.0,True,True,False
785,DS005-JM-F002,120,train,18,0.03428571428571429,6,0.03428571428571429,0.01579146645963192,0.9965265393257141,True,True,33,0.06285714285714286,11,0.06285714285714286,0.034130170941352844,0.9997592568397522,True,True,False
786,DS005-JM-F002,121,train,0,0.0,0,0.0,0.0,0.0,True,True,0,0.0,0,0.0,0.0,0.0,True,True,True
787,DS005-JM-F002,122,train,36,0.06857142857142857,12,0.06857142857142857,0.03527328372001648,0.9998692274093628,True,True,48,0.09142857142857143,16,0.09142857142857143,0.039735373109579086,0.9970652461051941,True,True,False
788,DS005-JM-F002,123,train,0,0.0,0,0.0,0.0,0.0,True,True,0,0.0,0,0.0,0.0,0.0,True,True,True
789,DS005-JM-F002,124,train,18,0.03428571428571429,9,0.05142857142857143,0.02881711907684803,1.0,True,True,32,0.06095238095238095,16,0.09142857142857143,0.051230430603027344,1.0,True,True,False
790,DS005-JM-F002,125,train,27,0.05142857142857143,9,0.05142857142857143,0.01991449110209942,0.9952483773231506,True,True,51,0.09714285714285714,17,0.09714285714285714,0.14653779566287994,5.601301193237305,True,True,False
791,DS005-JM-F002,126,train,10,0.01904761904761905,5,0.02857142857142857,0.016009511426091194,1.0,True,True,0,0.0,0,0.0,0.0,0.0,True,True,False
792,DS005-JM-F002,127,train,27,0.05142857142857143,9,0.05142857142857143,0.04017474874854088,1.1710619926452637,True,True,0,0.0,0,0.0,0.0,0.0,True,True,False
793,DS005-JM-F002,128,train,26,0.049523809523809526,13,0.07428571428571429,0.041624728590250015,1.0,True,True,8,0.015238095238095238,4,0.022857142857142857,0.012807607650756836,1.0,True,True,False
794,DS005-JM-F002,129,train,27,0.05142857142857143,9,0.05142857142857143,0.02938178740441799,0.9174715280532837,True,True,48,0.09142857142857143,16,0.09142857142857143,0.051041457802057266,0.9174715280532837,True,True,False
795,DS005-JM-F002,130,train,42,0.08,14,0.08,0.06912010908126831,1.7072731256484985,True,True,15,0.02857142857142857,5,0.02857142857142857,0.014945762231945992,0.8338797092437744,True,True,False
796,DS005-JM-F002,131,train,0,0.0,0,0.0,0.0,0.0,True,True,21,0.04,7,0.04,0.032507408410310745,1.2695101499557495,True,True,False
797,DS005-JM-F002,132,train,45,0.08571428571428572,15,0.08571428571428572,0.05999769642949104,1.1965292692184448,True,True,14,0.02666666666666667,7,0.04,0.022413313388824463,1.0,True,True,False
798,DS005-JM-F002,133,train,12,0.022857142857142857,4,0.022857142857142857,0.013454712927341461,0.7830981612205505,True,True,0,0.0,0,0.0,0.0,0.0,True,True,False
799,DS005-JM-F002,134,train,48,0.09142857142857143,16,0.09142857142857143,0.0509769581258297,0.8385478258132935,True,True,24,0.045714285714285714,8,0.045714285714285714,0.027794640511274338,0.8546954393386841,True,True,False
800,DS005-JM-F002,135,train,9,0.017142857142857144,3,0.017142857142857144,0.010111468844115734,0.9541234374046326,True,True,3,0.005714285714285714,1,0.005714285714285714,0.004594856407493353,1.1682679653167725,True,True,False
801,DS005-JM-F002,136,train,16,0.030476190476190476,8,0.045714285714285714,0.025615215301513672,1.0,True,True,28,0.05333333333333334,14,0.08,0.044826626777648926,1.0,True,True,False
802,DS005-JM-F002,137,train,3,0.005714285714285714,1,0.005714285714285714,0.0023297863081097603,0.9937693476676941,True,True,0,0.0,0,0.0,0.0,0.0,True,True,False
803,DS005-JM-F002,138,train,24,0.045714285714285714,8,0.045714285714285714,0.022661009803414345,0.8412796258926392,True,True,39,0.07428571428571429,13,0.07428571428571429,0.04072216898202896,0.8609532117843628,True,True,False
804,DS005-JM-F002,139,train,0,0.0,0,0.0,0.0,0.0,True,True,0,0.0,0,0.0,0.0,0.0,True,True,True
805,DS005-JM-F002,140,train,27,0.05142857142857143,10,0.05714285714285714,0.029368562623858452,1.0,True,True,14,0.02666666666666667,7,0.04,0.022413313388824463,1.0,True,True,False
806,DS005-JM-F002,141,train,20,0.0380952380952381,10,0.05714285714285714,0.03201902285218239,1.0,True,True,9,0.017142857142857144,3,0.017142857142857144,0.0176584180444479,2.2391421794891357,True,True,False
807,DS005-JM-F002,142,train,0,0.0,0,0.0,0.0,0.0,True,True,0,0.0,0,0.0,0.0,0.0,True,True,True
808,DS005-JM-F002,143,train,0,0.0,0,0.0,0.0,0.0,True,True,33,0.06285714285714286,11,0.06285714285714286,0.032867658883333206,0.9950371980667114,True,True,False
809,DS005-JM-F002,144,train,0,0.0,0,0.0,0.0,0.0,True,True,3,0.005714285714285714,1,0.005714285714285714,0.0032288641668856144,0.7551397681236267,True,True,False
810,DS005-JM-F002,145,train,18,0.03428571428571429,6,0.03428571428571429,0.03551403060555458,2.2518203258514404,True,True,0,0.0,0,0.0,0.0,0.0,True,True,False
811,DS005-JM-F002,146,train,20,0.0380952380952381,10,0.05714285714285714,0.03201901912689209,1.0,True,True,30,0.05714285714285714,10,0.05714285714285714,0.03679845109581947,0.8864405155181885,True,True,False
812,DS005-JM-F002,147,train,6,0.011428571428571429,3,0.017142857142857144,0.009605705738067627,1.0,True,True,15,0.02857142857142857,5,0.02857142857142857,0.027385635301470757,1.9839965105056763,True,True,False
813,DS005-JM-F002,148,train,0,0.0,0,0.0,0.0,0.0,True,True,0,0.0,0,0.0,0.0,0.0,True,True,True
814,DS005-JM-F002,149,train,9,0.017142857142857144,3,0.017142857142857144,0.01166625414043665,1.1948027610778809,True,True,36,0.06857142857142857,12,0.06857142857142857,0.03117159567773342,0.9999980926513672,True,True,False
815,DS005-JM-F002,150,train,3,0.005714285714285714,1,0.005714285714285714,0.004035943187773228,0.7580378651618958,True,True,0,0.0,0,0.0,0.0,0.0,True,True,False
816,DS005-JM-F002,151,train,24,0.045714285714285714,12,0.06857142857142857,0.03842282295227051,1.0,True,True,18,0.03428571428571429,8,0.045714285714285714,0.02473885752260685,1.0,True,True,False
817,DS005-JM-F002,152,train,0,0.0,0,0.0,0.0,0.0,True,True,0,0.0,0,0.0,0.0,0.0,True,True,True
818,DS005-JM-F002,153,train,0,0.0,0,0.0,0.0,0.0,True,True,6,0.011428571428571429,3,0.017142857142857144,0.009605705738067627,1.0,True,True,False
819,DS005-JM-F002,154,train,4,0.007619047619047619,2,0.011428571428571429,0.006403803825378418,1.0,True,True,21,0.04,7,0.04,0.02662331610918045,0.9769271016120911,True,True,False
820,DS005-JM-F002,155,train,2,0.0038095238095238095,1,0.005714285714285714,0.003201901912689209,1.0,True,True,39,0.07428571428571429,13,0.07428571428571429,0.05137975513935089,1.4827088117599487,True,True,False
821,DS005-JM-F002,156,train,0,0.0,0,0.0,0.0,0.0,True,True,6,0.011428571428571429,2,0.011428571428571429,0.0043692560866475105,0.9991713166236877,True,True,False
822,DS005-JM-F002,157,train,0,0.0,0,0.0,0.0,0.0,True,True,0,0.0,0,0.0,0.0,0.0,True,True,True
823,DS005-JM-F002,158,train,0,0.0,0,0.0,0.0,0.0,True,True,0,0.0,0,0.0,0.0,0.0,True,True,True
824,DS005-JM-F002,159,train,0,0.0,0,0.0,0.0,0.0,True,True,42,0.08,14,0.08,0.04520150646567345,0.8307555913925171,True,True,False
825,DS005-JM-F002,160,train,9,0.017142857142857144,3,0.017142857142857144,0.019908668473362923,2.23549222946167,True,True,27,0.05142857142857143,9,0.05142857142857143,0.04880974069237709,2.0841217041015625,True,True,False
826,DS005-JM-F002,161,train,0,0.0,0,0.0,0.0,0.0,True,True,41,0.07809523809523809,17,0.09714285714285714,0.052720874547958374,1.0,True,True,False
827,DS005-JM-F002,162,train,4,0.007619047619047619,2,0.011428571428571429,0.006403803825378418,1.0,True,True,24,0.045714285714285714,12,0.06857142857142857,0.03842282295227051,1.0,True,True,False
828,DS005-JM-F002,163,train,39,0.07428571428571429,14,0.08,0.04429435729980469,1.0,True,True,42,0.08,14,0.08,0.04826173558831215,0.9452486634254456,True,True,False
829,DS005-JM-F002,164,train,3,0.005714285714285714,1,0.005714285714285714,0.0024498191196471453,0.9457263350486755,True,True,30,0.05714285714285714,10,0.05714285714285714,0.048968371003866196,1.578773856163025,True,True,False
830,DS005-JM-F002,165,train,33,0.06285714285714286,11,0.06285714285714286,0.07213306427001953,3.137068748474121,True,True,21,0.04,7,0.04,0.01884237304329872,0.9496204257011414,True,True,False
831,DS005-JM-F002,166,train,24,0.045714285714285714,8,0.045714285714285714,0.04162290319800377,1.9492697715759277,True,True,21,0.04,7,0.04,0.017174236476421356,0.9771654605865479,True,True,False
832,DS005-JM-F002,167,train,36,0.06857142857142857,12,0.06857142857142857,0.06926199048757553,2.515943765640259,True,True,0,0.0,0,0.0,0.0,0.0,True,True,False
833,DS005-JM-F002,168,train,33,0.06285714285714286,11,0.06285714285714286,0.03255784511566162,1.7181854248046875,True,True,0,0.0,0,0.0,0.0,0.0,True,True,False
834,DS005-JM-F002,169,train,3,0.005714285714285714,1,0.005714285714285714,0.0027208023238927126,0.9995147585868835,True,True,39,0.07428571428571429,13,0.07428571428571429,0.058631859719753265,1.3731553554534912,True,True,False
835,DS005-JM-F002,170,train,42,0.08,14,0.08,0.06873434036970139,1.8654942512512207,True,True,12,0.022857142857142857,4,0.022857142857142857,0.014815708622336388,0.922344982624054,True,True,False
836,DS005-JM-F002,171,train,0,0.0,0,0.0,0.0,0.0,True,True,0,0.0,0,0.0,0.0,0.0,True,True,True
837,DS005-JM-F002,172,train,0,0.0,0,0.0,0.0,0.0,True,True,30,0.05714285714285714,10,0.05714285714285714,0.03344857320189476,0.9819673299789429,True,True,False
838,DS005-JM-F002,173,train,12,0.022857142857142857,4,0.022857142857142857,0.022392751649022102,1.8816279172897339,True,True,33,0.06285714285714286,11,0.06285714285714286,0.059044159948825836,2.246589422225952,True,True,False
839,DS005-JM-F002,174,train,0,0.0,0,0.0,0.0,0.0,True,True,24,0.045714285714285714,12,0.06857142857142857,0.03842282295227051,1.0,True,True,False
840,DS005-JM-F002,175,train,21,0.04,7,0.04,0.02390642836689949,0.7360401153564453,True,True,18,0.03428571428571429,6,0.03428571428571429,0.020023515447974205,0.7652175426483154,True,True,False
841,DS005-JM-F002,176,train,42,0.08,14,0.08,0.07151727378368378,2.1159799098968506,True,True,21,0.04,7,0.04,0.028425423428416252,1.1746158599853516,True,True,False
842,DS005-JM-F002,177,train,8,0.015238095238095238,4,0.022857142857142857,0.012807607650756836,1.0,True,True,10,0.01904761904761905,5,0.02857142857142857,0.016009511426091194,1.0,True,True,False
843,DS005-JM-F002,178,train,36,0.06857142857142857,12,0.06857142857142857,0.05280261114239693,1.1733059883117676,True,True,45,0.08571428571428572,15,0.08571428571428572,0.07475559413433075,1.970618486404419,True,True,False
844,DS005-JM-F002,179,train,45,0.08571428571428572,15,0.08571428571428572,0.08157860487699509,2.1489460468292236,True,True,0,0.0,0,0.0,0.0,0.0,True,True,False
845,DS005-JM-F002,180,train,18,0.03428571428571429,6,0.03428571428571429,0.02860717847943306,1.7783973217010498,True,True,18,0.03428571428571429,6,0.03428571428571429,0.016881797462701797,0.9857604503631592,True,True,False
846,DS005-JM-F002,181,train,0,0.0,0,0.0,0.0,0.0,True,True,30,0.05714285714285714,10,0.05714285714285714,0.04533549025654793,1.1207643747329712,True,True,False
847,DS005-JM-F002,182,train,6,0.011428571428571429,2,0.011428571428571429,0.013446261174976826,2.3197953701019287,True,True,3,0.005714285714285714,1,0.005714285714285714,0.005170229822397232,1.4732444286346436,True,True,False
848,DS005-JM-F002,183,train,3,0.005714285714285714,1,0.005714285714285714,0.0027109156362712383,0.9819083213806152,True,True,0,0.0,0,0.0,0.0,0.0,True,True,False
849,DS005-JM-F002,184,train,12,0.022857142857142857,4,0.022857142857142857,0.01651480793952942,0.8572729825973511,True,True,6,0.011428571428571429,2,0.011428571428571429,0.0072999754920601845,0.7739284634590149,True,True,False
850,DS005-JM-F002,185,train,42,0.08,14,0.08,0.0484803169965744,1.367222785949707,True,True,0,0.0,0,0.0,0.0,0.0,True,True,False
851,DS005-JM-F002,186,train,0,0.0,0,0.0,0.0,0.0,True,True,18,0.03428571428571429,9,0.05142857142857143,0.02881711907684803,1.0,True,True,False
852,DS005-JM-F002,187,train,0,0.0,0,0.0,0.0,0.0,True,True,0,0.0,0,0.0,0.0,0.0,True,True,True
853,DS005-JM-F002,188,train,0,0.0,0,0.0,0.0,0.0,True,True,32,0.06095238095238095,16,0.09142857142857143,0.051230430603027344,1.0,True,True,False
854,DS005-JM-F002,189,train,18,0.03428571428571429,9,0.05142857142857143,0.02881711721420288,1.0,True,True,0,0.0,0,0.0,0.0,0.0,True,True,False
855,DS005-JM-F002,190,train,0,0.0,0,0.0,0.0,0.0,True,True,0,0.0,0,0.0,0.0,0.0,True,True,True
856,DS005-JM-F002,191,train,0,0.0,0,0.0,0.0,0.0,True,True,45,0.08571428571428572,15,0.08571428571428572,0.06784003227949142,2.0484395027160645,True,True,False
857,DS005-JM-F002,192,train,39,0.07428571428571429,13,0.07428571428571429,0.06445068120956421,2.019355058670044,True,True,0,0.0,0,0.0,0.0,0.0,True,True,False
858,DS005-JM-F002,193,train,9,0.017142857142857144,3,0.017142857142857144,0.007838964462280273,0.9069777131080627,True,True,27,0.05142857142857143,9,0.05142857142857143,0.041642673313617706,1.4513895511627197,True,True,False
859,DS005-JM-F002,194,train,12,0.022857142857142857,4,0.022857142857142857,0.013280648738145828,0.8863475322723389,True,True,12,0.022857142857142857,4,0.022857142857142857,0.016206420958042145,1.0740331411361694,True,True,False
860,DS005-JM-F002,195,train,0,0.0,0,0.0,0.0,0.0,True,True,48,0.09142857142857143,16,0.09142857142857143,0.07894008606672287,1.8908905982971191,True,True,False
861,DS005-JM-F002,196,train,0,0.0,0,0.0,0.0,0.0,True,True,27,0.05142857142857143,9,0.05142857142857143,0.03174479678273201,0.9521611928939819,True,True,False
862,DS005-JM-F002,197,train,0,0.0,0,0.0,0.0,0.0,True,True,0,0.0,0,0.0,0.0,0.0,True,True,True
863,DS005-JM-F002,198,train,8,0.015238095238095238,4,0.022857142857142857,0.012807607650756836,1.0,True,True,14,0.02666666666666667,7,0.04,0.022413313388824463,1.0,True,True,False
864,DS005-JM-F002,199,train,0,0.0,0,0.0,0.0,0.0,True,True,0,0.0,0,0.0,0.0,0.0,True,True,True
865,DS005-JM-F002,200,train,10,0.01904761904761905,5,0.02857142857142857,0.016009511426091194,1.0,True,True,20,0.0380952380952381,10,0.05714285714285714,0.03201901912689209,1.0,True,True,False
866,DS005-JM-F002,201,train,42,0.08,14,0.08,0.03425724431872368,0.9999384880065918,True,True,42,0.08,14,0.08,0.03675610199570656,0.9999384880065918,True,True,False
867,DS005-JM-F002,202,train,3,0.005714285714285714,1,0.005714285714285714,0.006156414281576872,1.835683822631836,True,True,24,0.045714285714285714,8,0.045714285714285714,0.025631623342633247,0.7846571803092957,True,True,False
868,DS005-JM-F002,203,train,9,0.017142857142857144,3,0.017142857142857144,0.013167649507522583,1.268418788909912,True,True,20,0.0380952380952381,10,0.05714285714285714,0.03201902285218239,1.0,True,True,False
869,DS005-JM-F002,204,train,24,0.045714285714285714,8,0.045714285714285714,0.045250825583934784,2.0967602729797363,True,True,36,0.06857142857142857,12,0.06857142857142857,0.06883411109447479,2.2869319915771484,True,True,False
870,DS005-JM-F002,205,train,0,0.0,0,0.0,0.0,0.0,True,True,18,0.03428571428571429,6,0.03428571428571429,0.03558427467942238,2.028207302093506,True,True,False
871,DS005-JM-F002,206,train,39,0.07428571428571429,13,0.07428571428571429,0.07528670877218246,2.5281100273132324,True,True,39,0.07428571428571429,13,0.07428571428571429,0.0760725662112236,2.4555954933166504,True,True,False
872,DS005-JM-F002,207,train,51,0.09714285714285714,17,0.09714285714285714,0.0933845043182373,1.9883147478103638,True,True,35,0.06666666666666667,13,0.07428571428571429,0.04034990817308426,1.0,True,True,False
873,DS005-JM-F002,208,train,0,0.0,0,0.0,0.0,0.0,True,True,30,0.05714285714285714,15,0.08571428571428572,0.048028528690338135,1.0,True,True,False
874,DS005-JM-F002,209,train,36,0.06857142857142857,12,0.06857142857142857,0.06273629516363144,1.8911536931991577,True,True,0,0.0,0,0.0,0.0,0.0,True,True,False
875,DS005-JM-F002,210,train,0,0.0,0,0.0,0.0,0.0,True,True,0,0.0,0,0.0,0.0,0.0,True,True,True
876,DS005-JM-F002,211,train,9,0.017142857142857144,3,0.017142857142857144,0.02295107953250408,2.6813254356384277,True,True,26,0.049523809523809526,10,0.05714285714285714,0.030082017183303833,1.0,True,True,False
877,DS005-JM-F002,212,train,0,0.0,0,0.0,0.0,0.0,True,True,6,0.011428571428571429,2,0.011428571428571429,0.007789896801114082,0.8165772557258606,True,True,False
878,DS005-JM-F002,213,train,6,0.011428571428571429,3,0.017142857142857144,0.009605705738067627,1.0,True,True,0,0.0,0,0.0,0.0,0.0,True,True,False
879,DS005-JM-F002,214,train,18,0.03428571428571429,6,0.03428571428571429,0.02754370868206024,1.2602239847183228,True,True,11,0.02095238095238095,4,0.022857142857142857,0.012741553597152233,1.0,True,True,False
880,DS005-JM-F002,215,train,12,0.022857142857142857,6,0.03428571428571429,0.019211411476135254,1.0,True,True,21,0.04,7,0.04,0.02058461308479309,0.8416093587875366,True,True,False
881,DS005-JM-F002,216,train,3,0.005714285714285714,1,0.005714285714285714,0.006320726126432419,1.9044958353042603,True,True,0,0.0,0,0.0,0.0,0.0,True,True,False
882,DS005-JM-F002,217,train,39,0.07428571428571429,13,0.07428571428571429,0.06679190695285797,2.32145357131958,True,True,34,0.06476190476190476,17,0.09714285714285714,0.05443233624100685,1.0,True,True,False
883,DS005-JM-F002,218,train,33,0.06285714285714286,11,0.06285714285714286,0.03196285292506218,0.83938068151474,True,True,33,0.06285714285714286,11,0.06285714285714286,0.06750572472810745,3.3852126598358154,True,True,False
884,DS005-JM-F002,219,train,8,0.015238095238095238,4,0.022857142857142857,0.012807607650756836,1.0,True,True,3,0.005714285714285714,1,0.005714285714285714,0.0028216708451509476,0.8920130729675293,True,True,False
885,DS005-JM-F002,220,train,24,0.045714285714285714,12,0.06857142857142857,0.03842282295227051,1.0,True,True,26,0.049523809523809526,13,0.07428571428571429,0.041624728590250015,1.0,True,True,False
886,DS005-JM-F002,221,train,0,0.0,0,0.0,0.0,0.0,True,True,0,0.0,0,0.0,0.0,0.0,True,True,True
887,DS005-JM-F002,222,train,33,0.06285714285714286,11,0.06285714285714286,0.02943073771893978,0.9913762807846069,True,True,15,0.02857142857142857,5,0.02857142857142857,0.028035899624228477,1.9270389080047607,True,True,False
888,DS005-JM-F002,223,train,12,0.022857142857142857,4,0.022857142857142857,0.013106195256114006,0.9221811294555664,True,True,33,0.06285714285714286,11,0.06285714285714286,0.05329477787017822,2.5323989391326904,True,True,False
889,DS005-JM-F002,224,train,9,0.017142857142857144,3,0.017142857142857144,0.015459542162716389,1.873283863067627,True,True,21,0.04,7,0.04,0.02092740498483181,0.910037636756897,True,True,False
890,DS005-JM-F002,225,train,27,0.05142857142857143,9,0.05142857142857143,0.03441774845123291,1.4205763339996338,True,True,27,0.05142857142857143,9,0.05142857142857143,0.05068277567625046,2.1829349994659424,True,True,False
891,DS005-JM-F002,226,train,42,0.08,14,0.08,0.04409540072083473,0.9966423511505127,True,True,33,0.06285714285714286,11,0.06285714285714286,0.025572851300239563,0.9985406398773193,True,True,False
892,DS005-JM-F002,227,train,18,0.03428571428571429,6,0.03428571428571429,0.020311888307332993,0.9986822605133057,True,True,51,0.09714285714285714,17,0.09714285714285714,0.0835646241903305,2.0756468772888184,True,True,False
893,DS005-JM-F002,228,train,0,0.0,0,0.0,0.0,0.0,True,True,45,0.08571428571428572,15,0.08571428571428572,0.07156362384557724,2.056209087371826,True,True,False
894,DS005-JM-F002,229,train,9,0.017142857142857144,3,0.017142857142857144,0.010298955254256725,0.9867563247680664,True,True,39,0.07428571428571429,13,0.07428571428571429,0.08431743830442429,3.335444211959839,True,True,False
895,DS005-JM-F002,230,train,18,0.03428571428571429,6,0.03428571428571429,0.022701110690832138,0.8640009760856628,True,True,14,0.02666666666666667,7,0.04,0.022413313388824463,1.0,True,True,False
896,DS005-JM-F002,231,train,3,0.005714285714285714,1,0.005714285714285714,0.0036153097171336412,0.8978742361068726,True,True,14,0.02666666666666667,7,0.04,0.022413313388824463,1.0,True,True,False
897,DS005-JM-F002,232,train,32,0.06095238095238095,16,0.09142857142857143,0.051230430603027344,1.0,True,True,33,0.06285714285714286,11,0.06285714285714286,0.02920328825712204,0.9716253876686096,True,True,False
898,DS005-JM-F002,233,train,0,0.0,0,0.0,0.0,0.0,True,True,30,0.05714285714285714,10,0.05714285714285714,0.0287020243704319,0.9968344569206238,True,True,False
899,DS005-JM-F002,234,train,0,0.0,0,0.0,0.0,0.0,True,True,0,0.0,0,0.0,0.0,0.0,True,True,True
900,DS005-JM-F002,235,train,0,0.0,0,0.0,0.0,0.0,True,True,51,0.09714285714285714,17,0.09714285714285714,0.07480484992265701,1.7288355827331543,True,True,False
901,DS005-JM-F002,236,train,18,0.03428571428571429,9,0.05142857142857143,0.02881711721420288,1.0,True,True,0,0.0,0,0.0,0.0,0.0,True,True,False
902,DS005-JM-F002,237,train,3,0.005714285714285714,1,0.005714285714285714,0.0060099950060248375,1.9776544570922852,True,True,24,0.045714285714285714,8,0.045714285714285714,0.08834078907966614,8.388489723205566,True,True,False
903,DS005-JM-F002,238,train,0,0.0,0,0.0,0.0,0.0,True,True,12,0.022857142857142857,4,0.022857142857142857,0.019169557839632034,1.5736461877822876,True,True,False
904,DS005-JM-F002,239,train,0,0.0,0,0.0,0.0,0.0,True,True,51,0.09714285714285714,17,0.09714285714285714,0.11868169903755188,3.8111135959625244,True,True,False
905,DS005-JM-F002,240,train,6,0.011428571428571429,2,0.011428571428571429,0.014150398783385754,2.9331114292144775,True,True,26,0.049523809523809526,13,0.07428571428571429,0.041624728590250015,1.0,True,True,False
906,DS005-JM-F002,241,train,45,0.08571428571428572,15,0.08571428571428572,0.04546349495649338,0.9724314212799072,True,True,0,0.0,0,0.0,0.0,0.0,True,True,False
907,DS005-JM-F002,242,train,0,0.0,0,0.0,0.0,0.0,True,True,24,0.045714285714285714,8,0.045714285714285714,0.049422696232795715,2.5891966819763184,True,True,False
908,DS005-JM-F002,243,train,0,0.0,0,0.0,0.0,0.0,True,True,0,0.0,0,0.0,0.0,0.0,True,True,True
909,DS005-JM-F002,244,train,12,0.022857142857142857,6,0.03428571428571429,0.019211411476135254,1.0,True,True,30,0.05714285714285714,15,0.08571428571428572,0.048028528690338135,1.0,True,True,False
910,DS005-JM-F002,245,train,4,0.007619047619047619,2,0.011428571428571429,0.006403803825378418,1.0,True,True,45,0.08571428571428572,15,0.08571428571428572,0.044334542006254196,0.7714806795120239,True,True,False
911,DS005-JM-F002,246,train,6,0.011428571428571429,2,0.011428571428571429,0.024797065183520317,5.184237480163574,True,True,15,0.02857142857142857,5,0.02857142857142857,0.08879050612449646,8.937019348144531,True,True,False
912,DS005-JM-F002,247,train,22,0.0419047619047619,11,0.06285714285714286,0.0352209210395813,1.0,True,True,2,0.0038095238095238095,1,0.005714285714285714,0.003201901912689209,1.0,True,True,False
913,DS005-JM-F002,248,train,6,0.011428571428571429,3,0.017142857142857144,0.009605705738067627,1.0,True,True,4,0.007619047619047619,2,0.011428571428571429,0.006403803825378418,1.0,True,True,False
914,DS005-JM-F002,249,train,0,0.0,0,0.0,0.0,0.0,True,True,26,0.049523809523809526,13,0.07428571428571429,0.041624728590250015,1.0,True,True,False
915,DS005-JM-F002,250,train,18,0.03428571428571429,6,0.03428571428571429,0.03580847010016441,2.510521650314331,True,True,21,0.04,7,0.04,0.15136782824993134,11.147847175598145,True,True,False
916,DS005-JM-F002,251,train,30,0.05714285714285714,15,0.08571428571428572,0.04802853241562843,1.0,True,True,6,0.011428571428571429,3,0.017142857142857144,0.009605705738067627,1.0,True,True,False
917,DS005-JM-F002,252,train,32,0.06095238095238095,16,0.09142857142857143,0.051230430603027344,1.0,True,True,30,0.05714285714285714,10,0.05714285714285714,0.05132950842380524,1.6306403875350952,True,True,False
918,DS005-JM-F002,253,train,0,0.0,0,0.0,0.0,0.0,True,True,12,0.022857142857142857,6,0.03428571428571429,0.019211411476135254,1.0,True,True,False
919,DS005-JM-F002,254,train,20,0.0380952380952381,10,0.05714285714285714,0.03201902285218239,1.0,True,True,51,0.09714285714285714,17,0.09714285714285714,0.14819678664207458,7.023494720458984,True,True,False
920,DS005-JM-F002,255,train,21,0.04,7,0.04,0.05998780205845833,3.7169041633605957,True,True,24,0.045714285714285714,8,0.045714285714285714,0.02248806692659855,0.9618171453475952,True,True,False
921,DS005-JM-F002,256,train,42,0.08,14,0.08,0.058991990983486176,1.0425961017608643,True,True,3,0.005714285714285714,1,0.005714285714285714,0.003310533706098795,0.904525101184845,True,True,False
922,DS005-JM-F002,257,train,15,0.02857142857142857,5,0.02857142857142857,0.03787405043840408,5.631512641906738,True,True,33,0.06285714285714286,11,0.06285714285714286,0.08634603023529053,3.3958117961883545,True,True,False
923,DS005-JM-F002,258,train,49,0.09333333333333334,17,0.09714285714285714,0.056381650269031525,1.0,True,True,18,0.03428571428571429,9,0.05142857142857143,0.02881711907684803,1.0,True,True,False
924,DS005-JM-F002,259,train,51,0.09714285714285714,17,0.09714285714285714,0.049424909055233,0.9514009356498718,True,True,51,0.09714285714285714,17,0.09714285714285714,0.05459795147180557,0.9472070336341858,True,True,False
925,DS005-JM-F002,260,train,30,0.05714285714285714,10,0.05714285714285714,0.04094364866614342,2.8251733779907227,True,True,0,0.0,0,0.0,0.0,0.0,True,True,False
926,DS005-JM-F002,261,train,3,0.005714285714285714,1,0.005714285714285714,0.004529530182480812,0.9712383151054382,True,True,3,0.005714285714285714,1,0.005714285714285714,0.011977458372712135,5.007449150085449,True,True,False
927,DS005-JM-F002,262,train,39,0.07428571428571429,13,0.07428571428571429,0.036093227565288544,0.9605021476745605,True,True,0,0.0,0,0.0,0.0,0.0,True,True,False
928,DS005-JM-F002,263,train,29,0.05523809523809524,11,0.06285714285714286,0.0353364422917366,1.0,True,True,0,0.0,0,0.0,0.0,0.0,True,True,False
929,DS005-JM-F002,264,train,47,0.08952380952380952,17,0.09714285714285714,0.058924902230501175,1.0,True,True,39,0.07428571428571429,13,0.07428571428571429,0.042040806263685226,0.8223883509635925,True,True,False
930,DS005-JM-F002,265,train,51,0.09714285714285714,17,0.09714285714285714,0.05855289846658707,1.3120453357696533,True,True,0,0.0,0,0.0,0.0,0.0,True,True,False
931,DS005-JM-F002,266,train,0,0.0,0,0.0,0.0,0.0,True,True,10,0.01904761904761905,5,0.02857142857142857,0.016009511426091194,1.0,True,True,False
932,DS005-JM-F002,267,train,6,0.011428571428571429,2,0.011428571428571429,0.0072037591598927975,0.8327674269676208,True,True,51,0.09714285714285714,17,0.09714285714285714,0.1013687327504158,3.295372724533081,True,True,False
933,DS005-JM-F002,268,train,51,0.09714285714285714,17,0.09714285714285714,0.09795887023210526,2.691699981689453,True,True,27,0.05142857142857143,9,0.05142857142857143,0.029465271160006523,0.849824845790863,True,True,False
934,DS005-JM-F002,269,train,22,0.0419047619047619,11,0.06285714285714286,0.0352209210395813,1.0,True,True,18,0.03428571428571429,6,0.03428571428571429,0.02149081975221634,1.3793933391571045,True,True,False
935,DS005-JM-F002,270,train,45,0.08571428571428572,15,0.08571428571428572,0.07020678371191025,1.6841816902160645,True,True,18,0.03428571428571429,6,0.03428571428571429,0.06046739220619202,6.970841884613037,True,True,False
936,DS005-JM-F002,271,train,51,0.09714285714285714,17,0.09714285714285714,0.08342961221933365,1.6272385120391846,True,True,6,0.011428571428571429,3,0.017142857142857144,0.009605705738067627,1.0,True,True,False
937,DS005-JM-F002,272,train,14,0.02666666666666667,7,0.04,0.022413313388824463,1.0,True,True,45,0.08571428571428572,15,0.08571428571428572,0.13542184233665466,4.683128833770752,True,True,False
938,DS005-JM-F002,273,train,32,0.06095238095238095,16,0.09142857142857143,0.051230430603027344,1.0,True,True,31,0.05904761904761905,11,0.06285714285714286,0.03438545763492584,1.0,True,True,False
939,DS005-JM-F002,274,train,24,0.045714285714285714,8,0.045714285714285714,0.07004284858703613,4.420373916625977,True,True,51,0.09714285714285714,17,0.09714285714285714,0.04825027287006378,0.9500054121017456,True,True,False
940,DS005-JM-F002,275,train,0,0.0,0,0.0,0.0,0.0,True,True,6,0.011428571428571429,2,0.011428571428571429,0.005802498664706945,0.9496811628341675,True,True,False
941,DS005-JM-F002,276,train,0,0.0,0,0.0,0.0,0.0,True,True,0,0.0,0,0.0,0.0,0.0,True,True,True
942,DS005-JM-F002,277,train,0,0.0,0,0.0,0.0,0.0,True,True,33,0.06285714285714286,11,0.06285714285714286,0.03749992325901985,0.9700618386268616,True,True,False
943,DS005-JM-F002,278,train,15,0.02857142857142857,5,0.02857142857142857,0.015692954882979393,0.9165670871734619,True,True,28,0.05333333333333334,14,0.08,0.044826626777648926,1.0,True,True,False
944,DS005-JM-F002,279,train,18,0.03428571428571429,9,0.05142857142857143,0.02881711907684803,1.0,True,True,27,0.05142857142857143,9,0.05142857142857143,0.07275962084531784,4.191010475158691,True,True,False
945,DS005-JM-F002,280,train,6,0.011428571428571429,2,0.011428571428571429,0.007120002992451191,0.9168953895568848,True,True,14,0.02666666666666667,7,0.04,0.022413315251469612,1.0,True,True,False
946,DS005-JM-F002,281,train,33,0.06285714285714286,11,0.06285714285714286,0.09947999566793442,3.8573005199432373,True,True,3,0.005714285714285714,1,0.005714285714285714,0.006222064606845379,1.8851884603500366,True,True,False
947,DS005-JM-F002,282,train,24,0.045714285714285714,8,0.045714285714285714,0.03241843730211258,0.9864135384559631,True,True,18,0.03428571428571429,6,0.03428571428571429,0.018911711871623993,0.7673497796058655,True,True,False
948,DS005-JM-F002,283,train,51,0.09714285714285714,17,0.09714285714285714,0.09962742775678635,3.746798038482666,True,True,30,0.05714285714285714,10,0.05714285714285714,0.038112640380859375,1.4985263347625732,True,True,False
949,DS005-JM-F002,284,train,0,0.0,0,0.0,0.0,0.0,True,True,48,0.09142857142857143,16,0.09142857142857143,0.11619095504283905,3.535161018371582,True,True,False
950,DS005-JM-F002,285,train,28,0.05333333333333334,14,0.08,0.044826626777648926,1.0,True,True,0,0.0,0,0.0,0.0,0.0,True,True,False
951,DS005-JM-F002,286,train,16,0.030476190476190476,8,0.045714285714285714,0.025615215301513672,1.0,True,True,3,0.005714285714285714,1,0.005714285714285714,0.005097278393805027,1.2686718702316284,True,True,False
952,DS005-JM-F002,287,train,0,0.0,0,0.0,0.0,0.0,True,True,0,0.0,0,0.0,0.0,0.0,True,True,True
953,DS005-JM-F002,288,train,0,0.0,0,0.0,0.0,0.0,True,True,48,0.09142857142857143,16,0.09142857142857143,0.04522371292114258,0.9999666810035706,True,True,False
954,DS005-JM-F002,289,train,32,0.06095238095238095,16,0.09142857142857143,0.051230430603027344,1.0,True,True,10,0.01904761904761905,5,0.02857142857142857,0.016009511426091194,1.0,True,True,False
955,DS005-JM-F002,290,train,14,0.02666666666666667,7,0.04,0.022413313388824463,1.0,True,True,42,0.08,14,0.08,0.07564865797758102,2.5954537391662598,True,True,False
956,DS005-JM-F002,291,train,4,0.007619047619047619,2,0.011428571428571429,0.006403803825378418,1.0,True,True,12,0.022857142857142857,4,0.022857142857142857,0.013328837230801582,0.9980300664901733,True,True,False
957,DS005-JM-F002,292,train,24,0.045714285714285714,8,0.045714285714285714,0.020529279485344887,0.9980811476707458,True,True,0,0.0,0,0.0,0.0,0.0,True,True,False
958,DS005-JM-F002,293,train,14,0.02666666666666667,7,0.04,0.022413313388824463,1.0,True,True,6,0.011428571428571429,2,0.011428571428571429,0.0072090658359229565,0.8013688921928406,True,True,False
959,DS005-JM-F002,294,train,0,0.0,0,0.0,0.0,0.0,True,True,3,0.005714285714285714,1,0.005714285714285714,0.0073209162801504135,2.7882840633392334,True,True,False
960,DS005-JM-F002,295,train,3,0.005714285714285714,1,0.005714285714285714,0.0056304545141756535,1.5687329769134521,True,True,0,0.0,0,0.0,0.0,0.0,True,True,False
961,DS005-JM-F002,296,train,36,0.06857142857142857,12,0.06857142857142857,0.09038759768009186,3.134911298751831,True,True,34,0.06476190476190476,17,0.09714285714285714,0.05443233251571655,1.0,True,True,False
962,DS005-JM-F002,297,train,0,0.0,0,0.0,0.0,0.0,True,True,26,0.049523809523809526,13,0.07428571428571429,0.041624728590250015,1.0,True,True,False
963,DS005-JM-F002,298,train,16,0.030476190476190476,8,0.045714285714285714,0.025615215301513672,1.0,True,True,22,0.0419047619047619,11,0.06285714285714286,0.0352209210395813,1.0,True,True,False
964,DS005-JM-F002,299,train,0,0.0,0,0.0,0.0,0.0,True,True,22,0.0419047619047619,11,0.06285714285714286,0.0352209210395813,1.0,True,True,False
965,DS005-JM-F002,300,train,14,0.02666666666666667,7,0.04,0.022413313388824463,1.0,True,True,0,0.0,0,0.0,0.0,0.0,True,True,False
966,DS005-JM-F002,301,train,3,0.005714285714285714,1,0.005714285714285714,0.00433005578815937,0.8921383619308472,True,True,10,0.01904761904761905,5,0.02857142857142857,0.016009511426091194,1.0,True,True,False
967,DS005-JM-F002,302,train,36,0.06857142857142857,12,0.06857142857142857,0.05872984975576401,1.6499130725860596,True,True,0,0.0,0,0.0,0.0,0.0,True,True,False
968,DS005-JM-F002,303,train,9,0.017142857142857144,3,0.017142857142857144,0.016698449850082397,2.719364643096924,True,True,0,0.0,0,0.0,0.0,0.0,True,True,False
969,DS005-JM-F002,304,train,48,0.09142857142857143,16,0.09142857142857143,0.047266483306884766,0.758464515209198,True,True,0,0.0,0,0.0,0.0,0.0,True,True,False
970,DS005-JM-F002,305,train,26,0.049523809523809526,13,0.07428571428571429,0.041624728590250015,1.0,True,True,0,0.0,0,0.0,0.0,0.0,True,True,False
971,DS005-JM-F002,306,train,0,0.0,0,0.0,0.0,0.0,True,True,16,0.030476190476190476,8,0.045714285714285714,0.025615215301513672,1.0,True,True,False
972,DS005-JM-F002,307,train,16,0.030476190476190476,8,0.045714285714285714,0.025615215301513672,1.0,True,True,10,0.01904761904761905,5,0.02857142857142857,0.016009511426091194,1.0,True,True,False
973,DS005-JM-F002,308,train,2,0.0038095238095238095,1,0.005714285714285714,0.003201901912689209,1.0,True,True,32,0.06095238095238095,16,0.09142857142857143,0.051230430603027344,1.0,True,True,False
974,DS005-JM-F002,309,train,18,0.03428571428571429,6,0.03428571428571429,0.03040951117873192,1.9215975999832153,True,True,24,0.045714285714285714,12,0.06857142857142857,0.03842282295227051,1.0,True,True,False
975,DS005-JM-F002,310,train,0,0.0,0,0.0,0.0,0.0,True,True,24,0.045714285714285714,8,0.045714285714285714,0.0314800962805748,1.3694037199020386,True,True,False
976,DS005-JM-F002,311,train,0,0.0,0,0.0,0.0,0.0,True,True,33,0.06285714285714286,11,0.06285714285714286,0.05574322119355202,1.824795126914978,True,True,False
977,DS005-JM-F002,312,train,13,0.024761904761904763,5,0.02857142857142857,0.016617989167571068,1.0,True,True,0,0.0,0,0.0,0.0,0.0,True,True,False
978,DS005-JM-F002,313,train,0,0.0,0,0.0,0.0,0.0,True,True,0,0.0,0,0.0,0.0,0.0,True,True,True
979,DS005-JM-F002,314,train,0,0.0,0,0.0,0.0,0.0,True,True,15,0.02857142857142857,5,0.02857142857142857,0.01904316246509552,0.8870113492012024,True,True,False
980,DS005-JM-F002,315,train,0,0.0,0,0.0,0.0,0.0,True,True,0,0.0,0,0.0,0.0,0.0,True,True,True
981,DS005-JM-F002,316,train,24,0.045714285714285714,8,0.045714285714285714,0.022581016644835472,0.91392982006073,True,True,42,0.08,14,0.08,0.07375209778547287,2.20804500579834,True,True,False
982,DS005-JM-F002,317,train,36,0.06857142857142857,12,0.06857142857142857,0.031507838517427444,0.9922289252281189,True,True,33,0.06285714285714286,11,0.06285714285714286,0.05058814212679863,1.8631539344787598,True,True,False
983,DS005-JM-F002,318,train,0,0.0,0,0.0,0.0,0.0,True,True,51,0.09714285714285714,17,0.09714285714285714,0.06362757831811905,1.210719347000122,True,True,False
984,DS005-JM-F002,319,train,6,0.011428571428571429,2,0.011428571428571429,0.01060262881219387,1.488160490989685,True,True,12,0.022857142857142857,4,0.022857142857142857,0.020848039537668228,1.556504487991333,True,True,False
985,DS005-JM-F002,320,train,0,0.0,0,0.0,0.0,0.0,True,True,33,0.06285714285714286,11,0.06285714285714286,0.0654802992939949,2.7062180042266846,True,True,False
986,DS005-JM-F002,321,train,0,0.0,0,0.0,0.0,0.0,True,True,0,0.0,0,0.0,0.0,0.0,True,True,True
987,DS005-JM-F002,322,train,18,0.03428571428571429,6,0.03428571428571429,0.014030012302100658,0.9960480332374573,True,True,33,0.06285714285714286,11,0.06285714285714286,0.05157807096838951,1.643405556678772,True,True,False
988,DS005-JM-F002,323,train,30,0.05714285714285714,10,0.05714285714285714,0.07573730498552322,3.458008289337158,True,True,24,0.045714285714285714,8,0.045714285714285714,0.04679296165704727,2.034358263015747,True,True,False
989,DS005-JM-F002,324,train,39,0.07428571428571429,13,0.07428571428571429,0.036402057856321335,0.9254631400108337,True,True,0,0.0,0,0.0,0.0,0.0,True,True,False
990,DS005-JM-F002,325,train,42,0.08,14,0.08,0.06324508041143417,1.6363669633865356,True,True,51,0.09714285714285714,17,0.09714285714285714,0.06702812016010284,1.439660906791687,True,True,False
991,DS005-JM-F002,326,train,9,0.017142857142857144,3,0.017142857142857144,0.0070213754661381245,0.9988008141517639,True,True,8,0.015238095238095238,4,0.022857142857142857,0.012807607650756836,1.0,True,True,False
992,DS005-JM-F002,327,train,3,0.005714285714285714,1,0.005714285714285714,0.006091516464948654,1.7846124172210693,True,True,0,0.0,0,0.0,0.0,0.0,True,True,False
993,DS005-JM-F002,328,train,32,0.06095238095238095,16,0.09142857142857143,0.051230430603027344,1.0,True,True,4,0.007619047619047619,2,0.011428571428571429,0.006403803825378418,1.0,True,True,False
994,DS005-JM-F002,329,train,0,0.0,0,0.0,0.0,0.0,True,True,4,0.007619047619047619,2,0.011428571428571429,0.006403803825378418,1.0,True,True,False
995,DS005-JM-F002,330,train,0,0.0,0,0.0,0.0,0.0,True,True,0,0.0,0,0.0,0.0,0.0,True,True,True
996,DS005-JM-F002,331,train,0,0.0,0,0.0,0.0,0.0,True,True,48,0.09142857142857143,16,0.09142857142857143,0.062426816672086716,0.9526987075805664,True,True,False
997,DS005-JM-F002,332,train,0,0.0,0,0.0,0.0,0.0,True,True,34,0.06476190476190476,17,0.09714285714285714,0.05443233251571655,1.0,True,True,False
998,DS005-JM-F002,333,train,0,0.0,0,0.0,0.0,0.0,True,True,0,0.0,0,0.0,0.0,0.0,True,True,True
999,DS005-JM-F002,334,train,24,0.045714285714285714,8,0.045714285714285714,0.020746193826198578,0.9863703846931458,True,True,10,0.01904761904761905,5,0.02857142857142857,0.016009511426091194,1.0,True,True,False
